Workbook

Sheet FRONT PAGE
A1: PIMSAT COLLEGES, INC. McArthur Highway, Bolosan District, Dagupan City COLLEGE OF MARITIME EDUCATION Bachelor of Science in Marine Transportation
A9: A.Y. 2025-2026 2ND SEMESTER
A10: NAVIGATION 7 - VOYAGE PLANNING
A14: PASSAGE PLAN
F20: NAME OF VESSEL
H22: VOYAGE NO:
C24: PORT OF DEPARTURE: | J24: PORT OF ARRIVAL:
A28: YEAR & SECTION: | F28: MEMBERS:
A29: GROUP NO:
B33: PREPARED BY: | G33: VALIDATED BY: | L33: APPROVED BY:
B34: 2/M CHRISTIAN PAUL R. FERNANDEZ | G34: CAPT. CHARLIE V. ZAPANTA | L34: DEAN VALENTINO H. FERRE
B35: Instructor | G35: Assessor | L35: Dean, College of Maritime Education

Sheet GENERAL INFORMATION
A1: PIMSAT COLLEGES, INC. McArthur Highway, Bolosan District, Dagupan City COLLEGE OF MARITIME EDUCATION Bachelor of Science in Marine Transportation
A3: NAVIGATION 7 - VOYAGE PLANNING
A4: GENERAL INFORMATION
A6: YEAR & SECTION: | C6: ='FRONT PAGE'!C28 -> 0 | E6: MEMBERS: | G6: 1 | H6: ='FRONT PAGE'!H28 -> 0 | L6: 3 | M6: ='FRONT PAGE'!M28 -> 0
A7: GROUP NO: | C7: ='FRONT PAGE'!C29 -> 0 | G7: 2 | H7: ='FRONT PAGE'!H29 -> 0 | L7: 4 | M7: ='FRONT PAGE'!M29 -> 0
A9: NAME OF VESSEL: | C9: ='FRONT PAGE'!F21 -> 0 | G9: DEPARTURE PORT INFORMATION | L9: ARRIVAL PORT INFORMATION
A10: VOYAGE NO: | C10: ='FRONT PAGE'!H23 -> 0 | G10: NAME OF PORT: | I10: ='FRONT PAGE'!C25 -> 0 | L10: NAME OF PORT: | N10: ='FRONT PAGE'!J25 -> 0
A11: VESSEL'S CONDITION: | G11: ETD: | L11: ETA:
A12: TARGET SPEED: | G12: TIME ZONE: | L12: TIME ZONE:
A13: TOTAL STEAMING TIME:
A14: TOTAL DISTANCE: | G14: MINIMUM UNDER KEEL CLEARANCE (UKC) | M14: SQUAT
A15: MAX. HEIGHT ABOVE KEEL: | G15: A) In Deep Coastal waters / Ocean Passages: | L15: METERS | M15: OPEN WATERS | P15: METERS
A16: MAX. SUMMER DRAFT: | G16: B) In Shallow Coastal / Port waters: | L16: METERS | M16: CONFINED WATERS | P16: METERS
A17: MAX. BEAM OF VESSEL | G17: A) In Deep Coastal waters / Ocean Passages: A minimum under keel clearance of twice the maximum summer draft of the vessel shall be maintained at all times during the voyage. B) In Shallow Coastal / Port waters: A minimum under-keel clearance amounting to 10 per cent of ship's deepest draft or one meter, whichever is greater, shall be maintained at all times. | M17: The vessel can determine the squat by using the formula S= cb x v2/100 for Open Waters and S = 2 x cb x v2/100 for Confined Waters where Cb is the block coefficient of the vessel and v2 is the square of the speed the vessel.
A18: BLOCK COEFFICIENT:
A19: FWA:
A20: DEPARTURE DRAFT | C20: FWD:
C21: MID: | G21: DEPTH PARAMETERS
C22: AFT: | G22: SHALLOW CONTOUR | K22: M | L22: = Max. Dynamic Draft in dock water - Height of Tide
A23: ARRIVAL DRAFT | C23: FWD: | G23: SAFETY CONTOUR | K23: M | L23: Safety Depth = Safety Depth
C24: MID: | G24: SAFETY DEPTH | K24: M | L24: = Max. Dynamic Draft + reqd UKC in Shallow water +CATZOC Accuracy - Height of Tide
C25: AFT: | G25: DEEP CONTOUR | K25: M | L25: = Max. Dynamic Draft + Max. Static Draft

Sheet CHARTS & PUBLICATIONS
A1: PIMSAT COLLEGES, INC. McArthur Highway, Bolosan District, Dagupan City COLLEGE OF MARITIME EDUCATION Bachelor of Science in Marine Transportation
A3: NAVIGATION 7 - VOYAGE PLANNING
A4: CHARTS & PUBLICATIONS
A6: YEAR & SECTION: | C6: ='FRONT PAGE'!C28 -> 0 | E6: MEMBERS: | H6: 1 | I6: ='FRONT PAGE'!H28 -> 0 | N6: 3 | O6: ='FRONT PAGE'!M28 -> 0
A7: GROUP NO: | C7: ='FRONT PAGE'!C29 -> 0 | H7: 2 | I7: ='FRONT PAGE'!H29 -> 0 | N7: 4 | O7: ='FRONT PAGE'!M29 -> 0
A9: LIST OF NAUTICAL CHARTS USE IN VOYAGE
A10: NO. | B10: CHART NO. | C10: TITLE | G10: SCALE | K10: NO. | L10: CHART NO. | M10: TITLE | Q10: SCALE
A11: 1 | K11: 36
A12: 2 | K12: 37
A13: 3 | K13: 38
A14: 4 | K14: 39
A15: 5 | K15: 40
A16: 6 | K16: 41
A17: 7 | K17: 42
A18: 8 | K18: 43
A19: 9 | K19: 44
A20: 10 | K20: 45
A21: 11 | K21: 46
A22: 12 | K22: 47
... A45: 35 | K45: 70
A49: LIST OF NAUTICAL PUBLICATIONS USE IN VOYAGE
A51: ADMIRALTY LIST OF RADIO SIGNALS | K51: ADMIRALTY SAILING DIRECTION
A52: NP NO. | C52: VOLUME | D52: TITLE | K52: NP NO. | M52: VOLUME | N52: TITLE
A65: ADMIRALTY LIST OF LIGHTS AND FOG SIGNALS | K65: ADMIRALTY TIDE TABLES / TOTAL TIDE / TIDAL STREAM ATLAS
A66: NP NO. | C66: VOLUME | D66: TITLE | K66: NP NO. | M66: VOLUME | N66: TITLE

Sheet DEPARTURE - Berth to Pilot
A1: PIMSAT COLLEGES, INC. McArthur Highway, Bolosan District, Dagupan City COLLEGE OF MARITIME EDUCATION Bachelor of Science in Marine Transportation
A2: NAV 7 - VOYAGE PLANNING
A4: YEAR & SECTION: | C4: ='FRONT PAGE'!C28 -> 0 | Q4: MEMBERS: | U4: 1 | W4: ='FRONT PAGE'!H28 -> 0 | AA4: 3 | AB4: ='FRONT PAGE'!M28 -> 0
A5: GROUP NO: | C5: ='FRONT PAGE'!C29 -> 0 | U5: 2 | W5: ='FRONT PAGE'!H29 -> 0 | AA5: 4 | AB5: ='FRONT PAGE'!M29 -> 0
A6: DEPARTURE PORT: Passage from Berth to Pilot Station
A7: NAME OF VESSEL: | C7: ='FRONT PAGE'!F21 -> 0 | P7: DEPARTURE: | R7: ='FRONT PAGE'!C25 -> 0 | U7: ARRIVAL: | X7: ='FRONT PAGE'!J25 -> 0 | Z7: VOYAGE NO: | AB7: ='FRONT PAGE'!H23 -> 0
A8: NO. | B8: NAME/ REFERENCE | C8: POSITION | N8: T/CO | O8: DIST | P8: SP'D | Q8: F'M | R8: TO | S8: ESTIMATED MINIMUM UKC / E (ENOUGH) | T8: POSITION | U8: TIME CORR. (min.) | W8: ETA/ETP (L.T.) DD/MM/YY | X8: METHODS OF OBTAINING POSITION | Y8: POSITION FIXING INTERVAL | Z8: CALL MASTER | AA8: WATCH LEVEL | AB8: CHART NO. | AC8: GARBAGE/SEWAGE DISPOSAL | AD8: REMARKS:
T9: FIX SYSTEM
D10: Lat | E10: Long | F10: 漸長緯度 | G10: 緯差 | H10: Long (360) | I10: 経差 | J10: 漸長緯度差 | L10: 針路 | M10: 距離 | T10: PRIMARY
T11: SECONDARY
A12: 0 | D12: =TRUNC(C12)+((C12-TRUNC(C12))/0.6) -> 0 | E12: =TRUNC(C13)+((C13-TRUNC(C13))/0.6) -> 0 | F12: =ROUND(((LOG10(TAN(PI()/4+(D12/2*PI()/180)))*7915.7046)-(3437.7468*((0.0816968^2*SIN(D12*PI()/180))+(0.0816968^4/3*((SIN(D12*PI()/180))^3))+(0.0816968^6/5*((SIN(D12*PI()/180))^5))))),2) -> 0 | H12: =IF(E12<0,E12+360,E12) -> 0 | Q12: 0 | R12: ='GENERAL INFORMATION'!C14 -> 0 | T12: RADAR | W12: 45982.208
G13: =ABS(D12-D14)*60 -> 0 | I13: =ABS(H12-H14)*60 -> 0 | J13: =ABS(F12-F14) -> 0 | K13: =IF(AND(D12<D14,H12=H14),0,IF(AND(D12>D14,H12=H14),180,IF(AND(D12=D14,H12<H14),90,IF(AND(D12=D14,H12>H14),270,(ATAN(I13/J13)*180/PI()))))) -> #DIV/0! | L13: =IF(OR(K13=0,K13=90,K13=180,K13=270),K13,IF(AND(D12<D14,H12<H14),K13,IF(AND(D12<D14,H12>H14),360-K13,IF(AND(D12>D14,H12<H14),180-K13,IF(AND(D12>D14,H12>H14),180+K13))))) -> #DIV/0! | M13: =(IF(I13=0,G13,IF(G13=0,COS(D14*PI()/180)*I13,G13/COS(K13*PI()/180)))) -> 0 | N13: =IF(C15="","",ROUND(L13,1)) | O13: =IF(C15="","",ROUND(M13,1)) | T13: EVERY 5 MIN | V13: =(O13/P13+U13/60)/24 -> #VALUE!
A14: 1 | D14: =TRUNC(C14)+((C14-TRUNC(C14))/0.6) -> 0 | E14: =TRUNC(C15)+((C15-TRUNC(C15))/0.6) -> 0 | F14: =ROUND(((LOG10(TAN(PI()/4+(D14/2*PI()/180)))*7915.7046)-(3437.7468*((0.0816968^2*SIN(D14*PI()/180))+(0.0816968^4/3*((SIN(D14*PI()/180))^3))+(0.0816968^6/5*((SIN(D14*PI()/180))^5))))),2) -> 0 | H14: =IF(E14<0,E14+360,E14) -> 0 | Q14: =IF(O13="","",Q12+O13) | R14: =IF(O13="","",R12-O13) | T14: RADAR | W14: =IF(P13="","",W12+V13)
G15: =ABS(D14-D16)*60 -> 0 | I15: =ABS(H14-H16)*60 -> 0 | J15: =ABS(F14-F16) -> 0 | K15: =IF(AND(D14<D16,H14=H16),0,IF(AND(D14>D16,H14=H16),180,IF(AND(D14=D16,H14<H16),90,IF(AND(D14=D16,H14>H16),270,(ATAN(I15/J15)*180/PI()))))) -> #DIV/0! | L15: =IF(OR(K15=0,K15=90,K15=180,K15=270),K15,IF(AND(D14<D16,H14<H16),K15,IF(AND(D14<D16,H14>H16),360-K15,IF(AND(D14>D16,H14<H16),180-K15,IF(AND(D14>D16,H14>H16),180+K15))))) -> #DIV/0! | M15: =(IF(I15=0,G15,IF(G15=0,COS(D16*PI()/180)*I15,G15/COS(K15*PI()/180)))) -> 0 | N15: =IF(C17="","",ROUND(L15,1)) | O15: =IF(C17="","",ROUND(M15,1)) | T15: EVERY 5 MIN | V15: =(O15/P15+U15/60)/24 -> #VALUE!
A16: 2 | D16: =TRUNC(C16)+((C16-TRUNC(C16))/0.6) -> 0 | E16: =TRUNC(C17)+((C17-TRUNC(C17))/0.6) -> 0 | F16: =ROUND(((LOG10(TAN(PI()/4+(D16/2*PI()/180)))*7915.7046)-(3437.7468*((0.0816968^2*SIN(D16*PI()/180))+(0.0816968^4/3*((SIN(D16*PI()/180))^3))+(0.0816968^6/5*((SIN(D16*PI()/180))^5))))),2) -> 0 | H16: =IF(E16<0,E16+360,E16) -> 0 | Q16: =IF(O15="","",Q14+O15) | R16: =IF(O15="","",R14-O15) | T16: RADAR | W16: =IF(P15="","",W14+V15)
G17: =ABS(D16-D18)*60 -> 0 | I17: =ABS(H16-H18)*60 -> 0 | J17: =ABS(F16-F18) -> 0 | K17: =IF(AND(D16<D18,H16=H18),0,IF(AND(D16>D18,H16=H18),180,IF(AND(D16=D18,H16<H18),90,IF(AND(D16=D18,H16>H18),270,(ATAN(I17/J17)*180/PI()))))) -> #DIV/0! | L17: =IF(OR(K17=0,K17=90,K17=180,K17=270),K17,IF(AND(D16<D18,H16<H18),K17,IF(AND(D16<D18,H16>H18),360-K17,IF(AND(D16>D18,H16<H18),180-K17,IF(AND(D16>D18,H16>H18),180+K17))))) -> #DIV/0! | M17: =(IF(I17=0,G17,IF(G17=0,COS(D18*PI()/180)*I17,G17/COS(K17*PI()/180)))) -> 0 | N17: =IF(C19="","",ROUND(L17,1)) | O17: =IF(C19="","",ROUND(M17,1)) | T17: EVERY 5 MIN | V17: =(O17/P17+U17/60)/24 -> #VALUE!
A18: 3 | D18: =TRUNC(C18)+((C18-TRUNC(C18))/0.6) -> 0 | E18: =TRUNC(C19)+((C19-TRUNC(C19))/0.6) -> 0 | F18: =ROUND(((LOG10(TAN(PI()/4+(D18/2*PI()/180)))*7915.7046)-(3437.7468*((0.0816968^2*SIN(D18*PI()/180))+(0.0816968^4/3*((SIN(D18*PI()/180))^3))+(0.0816968^6/5*((SIN(D18*PI()/180))^5))))),2) -> 0 | H18: =IF(E18<0,E18+360,E18) -> 0 | Q18: =IF(O17="","",Q16+O17) | R18: =IF(O17="","",R16-O17) | T18: RADAR | W18: =IF(P17="","",W16+V17)
G19: =ABS(D18-D20)*60 -> 0 | I19: =ABS(H18-H20)*60 -> 0 | J19: =ABS(F18-F20) -> 0 | K19: =IF(AND(D18<D20,H18=H20),0,IF(AND(D18>D20,H18=H20),180,IF(AND(D18=D20,H18<H20),90,IF(AND(D18=D20,H18>H20),270,(ATAN(I19/J19)*180/PI()))))) -> #DIV/0! | L19: =IF(OR(K19=0,K19=90,K19=180,K19=270),K19,IF(AND(D18<D20,H18<H20),K19,IF(AND(D18<D20,H18>H20),360-K19,IF(AND(D18>D20,H18<H20),180-K19,IF(AND(D18>D20,H18>H20),180+K19))))) -> #DIV/0! | M19: =(IF(I19=0,G19,IF(G19=0,COS(D20*PI()/180)*I19,G19/COS(K19*PI()/180)))) -> 0 | N19: =IF(C21="","",ROUND(L19,1)) | O19: =IF(C21="","",ROUND(M19,1)) | T19: EVERY 5 MIN | V19: =(O19/P19+U19/60)/24 -> #VALUE!
A20: 4 | D20: =TRUNC(C20)+((C20-TRUNC(C20))/0.6) -> 0 | E20: =TRUNC(C21)+((C21-TRUNC(C21))/0.6) -> 0 | F20: =ROUND(((LOG10(TAN(PI()/4+(D20/2*PI()/180)))*7915.7046)-(3437.7468*((0.0816968^2*SIN(D20*PI()/180))+(0.0816968^4/3*((SIN(D20*PI()/180))^3))+(0.0816968^6/5*((SIN(D20*PI()/180))^5))))),2) -> 0 | H20: =IF(E20<0,E20+360,E20) -> 0 | Q20: =IF(O19="","",Q18+O19) | R20: =IF(O19="","",R18-O19) | T20: RADAR | W20: =IF(P19="","",W18+V19)
G21: =ABS(D20-D22)*60 -> 0 | I21: =ABS(H20-H22)*60 -> 0 | J21: =ABS(F20-F22) -> 0 | K21: =IF(AND(D20<D22,H20=H22),0,IF(AND(D20>D22,H20=H22),180,IF(AND(D20=D22,H20<H22),90,IF(AND(D20=D22,H20>H22),270,(ATAN(I21/J21)*180/PI()))))) -> #DIV/0! | L21: =IF(OR(K21=0,K21=90,K21=180,K21=270),K21,IF(AND(D20<D22,H20<H22),K21,IF(AND(D20<D22,H20>H22),360-K21,IF(AND(D20>D22,H20<H22),180-K21,IF(AND(D20>D22,H20>H22),180+K21))))) -> #DIV/0! | M21: =(IF(I21=0,G21,IF(G21=0,COS(D22*PI()/180)*I21,G21/COS(K21*PI()/180)))) -> 0 | N21: =IF(C23="","",ROUND(L21,1)) | O21: =IF(C23="","",ROUND(M21,1)) | T21: EVERY 5MIN. | V21: =(O21/P21+U21/60)/24 -> #VALUE!
A22: 5 | D22: =TRUNC(C22)+((C22-TRUNC(C22))/0.6) -> 0 | E22: =TRUNC(C23)+((C23-TRUNC(C23))/0.6) -> 0 | F22: =ROUND(((LOG10(TAN(PI()/4+(D22/2*PI()/180)))*7915.7046)-(3437.7468*((0.0816968^2*SIN(D22*PI()/180))+(0.0816968^4/3*((SIN(D22*PI()/180))^3))+(0.0816968^6/5*((SIN(D22*PI()/180))^5))))),2) -> 0 | H22: =IF(E22<0,E22+360,E22) -> 0 | Q22: =IF(O21="","",Q20+O21) | R22: =IF(O21="","",R20-O21) | T22: RADAR | W22: =IF(P21="","",W20+V21)
G23: =ABS(D22-D24)*60 -> 0 | I23: =ABS(H22-H24)*60 -> 0 | J23: =ABS(F22-F24) -> 0 | K23: =IF(AND(D22<D24,H22=H24),0,IF(AND(D22>D24,H22=H24),180,IF(AND(D22=D24,H22<H24),90,IF(AND(D22=D24,H22>H24),270,(ATAN(I23/J23)*180/PI()))))) -> #DIV/0! | L23: =IF(OR(K23=0,K23=90,K23=180,K23=270),K23,IF(AND(D22<D24,H22<H24),K23,IF(AND(D22<D24,H22>H24),360-K23,IF(AND(D22>D24,H22<H24),180-K23,IF(AND(D22>D24,H22>H24),180+K23))))) -> #DIV/0! | M23: =(IF(I23=0,G23,IF(G23=0,COS(D24*PI()/180)*I23,G23/COS(K23*PI()/180)))) -> 0 | N23: =IF(C25="","",ROUND(L23,1)) | O23: =IF(C25="","",ROUND(M23,1)) | T23: EVERY 5 MIN | V23: =(O23/P23+U23/60)/24 -> #VALUE!
A24: 6 | D24: =TRUNC(C24)+((C24-TRUNC(C24))/0.6) -> 0 | E24: =TRUNC(C25)+((C25-TRUNC(C25))/0.6) -> 0 | F24: =ROUND(((LOG10(TAN(PI()/4+(D24/2*PI()/180)))*7915.7046)-(3437.7468*((0.0816968^2*SIN(D24*PI()/180))+(0.0816968^4/3*((SIN(D24*PI()/180))^3))+(0.0816968^6/5*((SIN(D24*PI()/180))^5))))),2) -> 0 | H24: =IF(E24<0,E24+360,E24) -> 0 | Q24: =IF(O23="","",Q22+O23) | R24: =IF(O23="","",R22-O23) | T24: RADAR/GPS | W24: =IF(P23="","",W22+V23)
G25: =ABS(D24-D26)*60 -> 0 | I25: =ABS(H24-H26)*60 -> 0 | J25: =ABS(F24-F26) -> 0 | K25: =IF(AND(D24<D26,H24=H26),0,IF(AND(D24>D26,H24=H26),180,IF(AND(D24=D26,H24<H26),90,IF(AND(D24=D26,H24>H26),270,(ATAN(I25/J25)*180/PI()))))) -> #DIV/0! | L25: =IF(OR(K25=0,K25=90,K25=180,K25=270),K25,IF(AND(D24<D26,H24<H26),K25,IF(AND(D24<D26,H24>H26),360-K25,IF(AND(D24>D26,H24<H26),180-K25,IF(AND(D24>D26,H24>H26),180+K25))))) -> #DIV/0! | M25: =(IF(I25=0,G25,IF(G25=0,COS(D26*PI()/180)*I25,G25/COS(K25*PI()/180)))) -> 0 | N25: =IF(C27="","",ROUND(L25,1)) | O25: =IF(C27="","",ROUND(M25,1)) | T25: EVERY 5MIN. | V25: =(O25/P25+U25/60)/24 -> #VALUE!
A26: 7 | D26: =TRUNC(C26)+((C26-TRUNC(C26))/0.6) -> 0 | E26: =TRUNC(C27)+((C27-TRUNC(C27))/0.6) -> 0 | F26: =ROUND(((LOG10(TAN(PI()/4+(D26/2*PI()/180)))*7915.7046)-(3437.7468*((0.0816968^2*SIN(D26*PI()/180))+(0.0816968^4/3*((SIN(D26*PI()/180))^3))+(0.0816968^6/5*((SIN(D26*PI()/180))^5))))),2) -> 0 | H26: =IF(E26<0,E26+360,E26) -> 0 | Q26: =IF(O25="","",Q24+O25) | R26: =IF(O25="","",R24-O25) | T26: RADAR/GPS | W26: =IF(P25="","",W24+V25)
G27: =ABS(D26-D28)*60 -> 0 | I27: =ABS(H26-H28)*60 -> 0 | J27: =ABS(F26-F28) -> 0 | K27: =IF(AND(D26<D28,H26=H28),0,IF(AND(D26>D28,H26=H28),180,IF(AND(D26=D28,H26<H28),90,IF(AND(D26=D28,H26>H28),270,(ATAN(I27/J27)*180/PI()))))) -> #DIV/0! | L27: =IF(OR(K27=0,K27=90,K27=180,K27=270),K27,IF(AND(D26<D28,H26<H28),K27,IF(AND(D26<D28,H26>H28),360-K27,IF(AND(D26>D28,H26<H28),180-K27,IF(AND(D26>D28,H26>H28),180+K27))))) -> #DIV/0! | M27: =(IF(I27=0,G27,IF(G27=0,COS(D28*PI()/180)*I27,G27/COS(K27*PI()/180)))) -> 0 | N27: =IF(C29="","",ROUND(L27,1)) | O27: =IF(C29="","",ROUND(M27,1)) | T27: EVERY 5MIN. | V27: =(O27/P27+U27/60)/24 -> #VALUE!
A28: 8 | D28: =TRUNC(C28)+((C28-TRUNC(C28))/0.6) -> 0 | E28: =TRUNC(C29)+((C29-TRUNC(C29))/0.6) -> 0 | F28: =ROUND(((LOG10(TAN(PI()/4+(D28/2*PI()/180)))*7915.7046)-(3437.7468*((0.0816968^2*SIN(D28*PI()/180))+(0.0816968^4/3*((SIN(D28*PI()/180))^3))+(0.0816968^6/5*((SIN(D28*PI()/180))^5))))),2) -> 0 | H28: =IF(E28<0,E28+360,E28) -> 0 | Q28: =IF(O27="","",Q26+O27) | R28: =IF(O27="","",R26-O27) | T28: RADR/GPS | W28: =IF(P27="","",W26+V27)
G29: =ABS(D28-D30)*60 -> 0 | I29: =ABS(H28-H30)*60 -> 0 | J29: =ABS(F28-F30) -> 0 | K29: =IF(AND(D28<D30,H28=H30),0,IF(AND(D28>D30,H28=H30),180,IF(AND(D28=D30,H28<H30),90,IF(AND(D28=D30,H28>H30),270,(ATAN(I29/J29)*180/PI()))))) -> #DIV/0! | L29: =IF(OR(K29=0,K29=90,K29=180,K29=270),K29,IF(AND(D28<D30,H28<H30),K29,IF(AND(D28<D30,H28>H30),360-K29,IF(AND(D28>D30,H28<H30),180-K29,IF(AND(D28>D30,H28>H30),180+K29))))) -> #DIV/0! | M29: =(IF(I29=0,G29,IF(G29=0,COS(D30*PI()/180)*I29,G29/COS(K29*PI()/180)))) -> 0 | N29: =IF(C31="","",ROUND(L29,1)) | O29: =IF(C31="","",ROUND(M29,1)) | T29: EVERY 5MIN. | V29: =(O29/P29+U29/60)/24 -> #VALUE!
A30: 9 | D30: =TRUNC(C30)+((C30-TRUNC(C30))/0.6) -> 0 | E30: =TRUNC(C31)+((C31-TRUNC(C31))/0.6) -> 0 | F30: =ROUND(((LOG10(TAN(PI()/4+(D30/2*PI()/180)))*7915.7046)-(3437.7468*((0.0816968^2*SIN(D30*PI()/180))+(0.0816968^4/3*((SIN(D30*PI()/180))^3))+(0.0816968^6/5*((SIN(D30*PI()/180))^5))))),2) -> 0 | H30: =IF(E30<0,E30+360,E30) -> 0 | Q30: =IF(O29="","",Q28+O29) | R30: =IF(O29="","",R28-O29) | T30: RADAR/GPS | W30: =IF(P29="","",W28+V29)
G31: =ABS(D30-D32)*60 -> 0 | I31: =ABS(H30-H32)*60 -> 0 | J31: =ABS(F30-F32) -> 0 | K31: =IF(AND(D30<D32,H30=H32),0,IF(AND(D30>D32,H30=H32),180,IF(AND(D30=D32,H30<H32),90,IF(AND(D30=D32,H30>H32),270,(ATAN(I31/J31)*180/PI()))))) -> #DIV/0! | L31: =IF(OR(K31=0,K31=90,K31=180,K31=270),K31,IF(AND(D30<D32,H30<H32),K31,IF(AND(D30<D32,H30>H32),360-K31,IF(AND(D30>D32,H30<H32),180-K31,IF(AND(D30>D32,H30>H32),180+K31))))) -> #DIV/0! | M31: =(IF(I31=0,G31,IF(G31=0,COS(D32*PI()/180)*I31,G31/COS(K31*PI()/180)))) -> 0 | N31: =IF(C33="","",ROUND(L31,1)) | O31: =IF(C33="","",ROUND(M31,1)) | T31: EVERY 5 MIN | V31: =(O31/P31+U31/60)/24 -> #VALUE!
A32: 10 | D32: =TRUNC(C32)+((C32-TRUNC(C32))/0.6) -> 0 | E32: =TRUNC(C33)+((C33-TRUNC(C33))/0.6) -> 0 | F32: =ROUND(((LOG10(TAN(PI()/4+(D32/2*PI()/180)))*7915.7046)-(3437.7468*((0.0816968^2*SIN(D32*PI()/180))+(0.0816968^4/3*((SIN(D32*PI()/180))^3))+(0.0816968^6/5*((SIN(D32*PI()/180))^5))))),2) -> 0 | H32: =IF(E32<0,E32+360,E32) -> 0 | Q32: =IF(O31="","",Q30+O31) | R32: =IF(O31="","",R30-O31) | T32: RADAR/GPS | W32: =IF(P31="","",W30+V31)
G33: =ABS(D32-D34)*60 -> 0 | I33: =ABS(H32-H34)*60 -> 0 | J33: =ABS(F32-F34) -> 0 | K33: =IF(AND(D32<D34,H32=H34),0,IF(AND(D32>D34,H32=H34),180,IF(AND(D32=D34,H32<H34),90,IF(AND(D32=D34,H32>H34),270,(ATAN(I33/J33)*180/PI()))))) -> #DIV/0! | L33: =IF(OR(K33=0,K33=90,K33=180,K33=270),K33,IF(AND(D32<D34,H32<H34),K33,IF(AND(D32<D34,H32>H34),360-K33,IF(AND(D32>D34,H32<H34),180-K33,IF(AND(D32>D34,H32>H34),180+K33))))) -> #DIV/0! | M33: =(IF(I33=0,G33,IF(G33=0,COS(D34*PI()/180)*I33,G33/COS(K33*PI()/180)))) -> 0 | N33: =IF(C35="","",ROUND(L33,1)) | O33: =IF(C35="","",ROUND(M33,1)) | T33: EVERY 15 MIN | V33: =(O33/P33+U33/60)/24 -> #VALUE!
A34: 11 | D34: =TRUNC(C34)+((C34-TRUNC(C34))/0.6) -> 0 | E34: =TRUNC(C35)+((C35-TRUNC(C35))/0.6) -> 0 | F34: =ROUND(((LOG10(TAN(PI()/4+(D34/2*PI()/180)))*7915.7046)-(3437.7468*((0.0816968^2*SIN(D34*PI()/180))+(0.0816968^4/3*((SIN(D34*PI()/180))^3))+(0.0816968^6/5*((SIN(D34*PI()/180))^5))))),2) -> 0 | H34: =IF(E34<0,E34+360,E34) -> 0 | Q34: =IF(O33="","",Q32+O33) | R34: =IF(O33="","",R32-O33) | T34: RADAR/GPS | W34: =IF(P33="","",W32+V33)
G35: =ABS(D34-D36)*60 -> 0 | I35: =ABS(H34-H36)*60 -> 0 | J35: =ABS(F34-F36) -> 0 | K35: =IF(AND(D34<D36,H34=H36),0,IF(AND(D34>D36,H34=H36),180,IF(AND(D34=D36,H34<H36),90,IF(AND(D34=D36,H34>H36),270,(ATAN(I35/J35)*180/PI()))))) -> #DIV/0! | L35: =IF(OR(K35=0,K35=90,K35=180,K35=270),K35,IF(AND(D34<D36,H34<H36),K35,IF(AND(D34<D36,H34>H36),360-K35,IF(AND(D34>D36,H34<H36),180-K35,IF(AND(D34>D36,H34>H36),180+K35))))) -> #DIV/0! | M35: =(IF(I35=0,G35,IF(G35=0,COS(D36*PI()/180)*I35,G35/COS(K35*PI()/180)))) -> 0 | N35: =IF(C37="","",ROUND(L35,1)) | O35: =IF(C37="","",ROUND(M35,1)) | T35: EVERY 15 MIN | V35: =(O35/P35+U35/60)/24 -> #VALUE!
A36: 12 | D36: =TRUNC(C36)+((C36-TRUNC(C36))/0.6) -> 0 | E36: =TRUNC(C37)+((C37-TRUNC(C37))/0.6) -> 0 | F36: =ROUND(((LOG10(TAN(PI()/4+(D36/2*PI()/180)))*7915.7046)-(3437.7468*((0.0816968^2*SIN(D36*PI()/180))+(0.0816968^4/3*((SIN(D36*PI()/180))^3))+(0.0816968^6/5*((SIN(D36*PI()/180))^5))))),2) -> 0 | H36: =IF(E36<0,E36+360,E36) -> 0 | Q36: =IF(O35="","",Q34+O35) | R36: =IF(O35="","",R34-O35) | T36: RADAR/GPS | W36: =IF(P35="","",W34+V35)
G37: =ABS(D36-D38)*60 -> 0 | I37: =ABS(H36-H38)*60 -> 0 | J37: =ABS(F36-F38) -> 0 | K37: =IF(AND(D36<D38,H36=H38),0,IF(AND(D36>D38,H36=H38),180,IF(AND(D36=D38,H36<H38),90,IF(AND(D36=D38,H36>H38),270,(ATAN(I37/J37)*180/PI()))))) -> #DIV/0! | L37: =IF(OR(K37=0,K37=90,K37=180,K37=270),K37,IF(AND(D36<D38,H36<H38),K37,IF(AND(D36<D38,H36>H38),360-K37,IF(AND(D36>D38,H36<H38),180-K37,IF(AND(D36>D38,H36>H38),180+K37))))) -> #DIV/0! | M37: =(IF(I37=0,G37,IF(G37=0,COS(D38*PI()/180)*I37,G37/COS(K37*PI()/180)))) -> 0 | N37: =IF(C39="","",ROUND(L37,1)) | O37: =IF(C39="","",ROUND(M37,1)) | T37: EVERY 30 MIN | V37: =(O37/P37+U37/60)/24 -> #VALUE!
A38: 13 | D38: =TRUNC(C38)+((C38-TRUNC(C38))/0.6) -> 0 | E38: =TRUNC(C39)+((C39-TRUNC(C39))/0.6) -> 0 | F38: =ROUND(((LOG10(TAN(PI()/4+(D38/2*PI()/180)))*7915.7046)-(3437.7468*((0.0816968^2*SIN(D38*PI()/180))+(0.0816968^4/3*((SIN(D38*PI()/180))^3))+(0.0816968^6/5*((SIN(D38*PI()/180))^5))))),2) -> 0 | H38: =IF(E38<0,E38+360,E38) -> 0 | Q38: =IF(O37="","",Q36+O37) | R38: =IF(O37="","",R36-O37) | T38: RADAR/GPS | W38: =IF(P37="","",W36+V37)
G39: =ABS(D38-D40)*60 -> 0 | I39: =ABS(H38-H40)*60 -> 0 | J39: =ABS(F38-F40) -> 0 | K39: =IF(AND(D38<D40,H38=H40),0,IF(AND(D38>D40,H38=H40),180,IF(AND(D38=D40,H38<H40),90,IF(AND(D38=D40,H38>H40),270,(ATAN(I39/J39)*180/PI()))))) -> #DIV/0! | L39: =IF(OR(K39=0,K39=90,K39=180,K39=270),K39,IF(AND(D38<D40,H38<H40),K39,IF(AND(D38<D40,H38>H40),360-K39,IF(AND(D38>D40,H38<H40),180-K39,IF(AND(D38>D40,H38>H40),180+K39))))) -> #DIV/0! | M39: =(IF(I39=0,G39,IF(G39=0,COS(D40*PI()/180)*I39,G39/COS(K39*PI()/180)))) -> 0 | N39: =IF(C41="","",ROUND(L39,1)) | O39: =IF(C41="","",ROUND(M39,1)) | T39: EVERY 30 MIN | V39: =(O39/P39+U39/60)/24 -> #VALUE!
A40: 14 | D40: =TRUNC(C40)+((C40-TRUNC(C40))/0.6) -> 0 | E40: =TRUNC(C41)+((C41-TRUNC(C41))/0.6) -> 0 | F40: =ROUND(((LOG10(TAN(PI()/4+(D40/2*PI()/180)))*7915.7046)-(3437.7468*((0.0816968^2*SIN(D40*PI()/180))+(0.0816968^4/3*((SIN(D40*PI()/180))^3))+(0.0816968^6/5*((SIN(D40*PI()/180))^5))))),2) -> 0 | H40: =IF(E40<0,E40+360,E40) -> 0 | Q40: =IF(O39="","",Q38+O39) | R40: =IF(O39="","",R38-O39) | T40: GPS | W40: =IF(P39="","",W38+V39)
G41: =ABS(D40-D42)*60 -> 0 | I41: =ABS(H40-H42)*60 -> 0 | J41: =ABS(F40-F42) -> 0 | K41: =IF(AND(D40<D42,H40=H42),0,IF(AND(D40>D42,H40=H42),180,IF(AND(D40=D42,H40<H42),90,IF(AND(D40=D42,H40>H42),270,(ATAN(I41/J41)*180/PI()))))) -> #DIV/0! | L41: =IF(OR(K41=0,K41=90,K41=180,K41=270),K41,IF(AND(D40<D42,H40<H42),K41,IF(AND(D40<D42,H40>H42),360-K41,IF(AND(D40>D42,H40<H42),180-K41,IF(AND(D40>D42,H40>H42),180+K41))))) -> #DIV/0! | M41: =(IF(I41=0,G41,IF(G41=0,COS(D42*PI()/180)*I41,G41/COS(K41*PI()/180)))) -> 0 | N41: =IF(C43="","",ROUND(L41,1)) | O41: =IF(C43="","",ROUND(M41,1)) | T41: EVERY 1 HR. | V41: =(O41/P41+U41/60)/24 -> #VALUE!
A42: 15 | D42: =TRUNC(C42)+((C42-TRUNC(C42))/0.6) -> 0 | E42: =TRUNC(C43)+((C43-TRUNC(C43))/0.6) -> 0 | F42: =ROUND(((LOG10(TAN(PI()/4+(D42/2*PI()/180)))*7915.7046)-(3437.7468*((0.0816968^2*SIN(D42*PI()/180))+(0.0816968^4/3*((SIN(D42*PI()/180))^3))+(0.0816968^6/5*((SIN(D42*PI()/180))^5))))),2) -> 0 | H42: =IF(E42<0,E42+360,E42) -> 0 | Q42: =IF(O41="","",Q40+O41) | R42: =IF(O41="","",R40-O41) | T42: GPS | W42: =IF(P41="","",W40+V41)
G43: =ABS(D42-D44)*60 -> 0 | I43: =ABS(H42-H44)*60 -> 0 | J43: =ABS(F42-F44) -> 0 | K43: =IF(AND(D42<D44,H42=H44),0,IF(AND(D42>D44,H42=H44),180,IF(AND(D42=D44,H42<H44),90,IF(AND(D42=D44,H42>H44),270,(ATAN(I43/J43)*180/PI()))))) -> #DIV/0! | L43: =IF(OR(K43=0,K43=90,K43=180,K43=270),K43,IF(AND(D42<D44,H42<H44),K43,IF(AND(D42<D44,H42>H44),360-K43,IF(AND(D42>D44,H42<H44),180-K43,IF(AND(D42>D44,H42>H44),180+K43))))) -> #DIV/0! | M43: =(IF(I43=0,G43,IF(G43=0,COS(D44*PI()/180)*I43,G43/COS(K43*PI()/180)))) -> 0 | N43: =IF(C45="","",ROUND(L43,1)) | O43: =IF(C45="","",ROUND(M43,1)) | T43: EVERY 1 HR. | V43: =(O43/P43+U43/60)/24 -> #VALUE!
A44: 16 | D44: =TRUNC(C44)+((C44-TRUNC(C44))/0.6) -> 0 | E44: =TRUNC(C45)+((C45-TRUNC(C45))/0.6) -> 0 | F44: =ROUND(((LOG10(TAN(PI()/4+(D44/2*PI()/180)))*7915.7046)-(3437.7468*((0.0816968^2*SIN(D44*PI()/180))+(0.0816968^4/3*((SIN(D44*PI()/180))^3))+(0.0816968^6/5*((SIN(D44*PI()/180))^5))))),2) -> 0 | H44: =IF(E44<0,E44+360,E44) -> 0 | Q44: =IF(O43="","",Q42+O43) | R44: =IF(O43="","",R42-O43) | T44: RADAR/GPS | W44: =IF(P43="","",W42+V43)
G45: =ABS(D44-D46)*60 -> 0 | I45: =ABS(H44-H46)*60 -> 0 | J45: =ABS(F44-F46) -> 0 | K45: =IF(AND(D44<D46,H44=H46),0,IF(AND(D44>D46,H44=H46),180,IF(AND(D44=D46,H44<H46),90,IF(AND(D44=D46,H44>H46),270,(ATAN(I45/J45)*180/PI()))))) -> #DIV/0! | L45: =IF(OR(K45=0,K45=90,K45=180,K45=270),K45,IF(AND(D44<D46,H44<H46),K45,IF(AND(D44<D46,H44>H46),360-K45,IF(AND(D44>D46,H44<H46),180-K45,IF(AND(D44>D46,H44>H46),180+K45))))) -> #DIV/0! | M45: =(IF(I45=0,G45,IF(G45=0,COS(D46*PI()/180)*I45,G45/COS(K45*PI()/180)))) -> 0 | N45: =IF(C47="","",ROUND(L45,1)) | O45: =IF(C47="","",ROUND(M45,1)) | T45: EVERY 30 MIN | V45: =(O45/P45+U45/60)/24 -> #VALUE!
A46: 17 | D46: =TRUNC(C46)+((C46-TRUNC(C46))/0.6) -> 0 | E46: =TRUNC(C47)+((C47-TRUNC(C47))/0.6) -> 0 | F46: =ROUND(((LOG10(TAN(PI()/4+(D46/2*PI()/180)))*7915.7046)-(3437.7468*((0.0816968^2*SIN(D46*PI()/180))+(0.0816968^4/3*((SIN(D46*PI()/180))^3))+(0.0816968^6/5*((SIN(D46*PI()/180))^5))))),2) -> 0 | H46: =IF(E46<0,E46+360,E46) -> 0 | Q46: =IF(O45="","",Q44+O45) | R46: =IF(O45="","",R44-O45) | T46: RADAR/GPS | W46: =IF(P45="","",W44+V45)
G47: =ABS(D46-D48)*60 -> 0 | I47: =ABS(H46-H48)*60 -> 0 | J47: =ABS(F46-F48) -> 0 | K47: =IF(AND(D46<D48,H46=H48),0,IF(AND(D46>D48,H46=H48),180,IF(AND(D46=D48,H46<H48),90,IF(AND(D46=D48,H46>H48),270,(ATAN(I47/J47)*180/PI()))))) -> #DIV/0! | L47: =IF(OR(K47=0,K47=90,K47=180,K47=270),K47,IF(AND(D46<D48,H46<H48),K47,IF(AND(D46<D48,H46>H48),360-K47,IF(AND(D46>D48,H46<H48),180-K47,IF(AND(D46>D48,H46>H48),180+K47))))) -> #DIV/0! | M47: =(IF(I47=0,G47,IF(G47=0,COS(D48*PI()/180)*I47,G47/COS(K47*PI()/180)))) -> 0 | N47: =IF(C49="","",ROUND(L47,1)) | O47: =IF(C49="","",ROUND(M47,1)) | T47: EVERY 15 MIN | V47: =(O47/P47+U47/60)/24 -> #VALUE!
A48: 18 | D48: =TRUNC(C48)+((C48-TRUNC(C48))/0.6) -> 0 | E48: =TRUNC(C49)+((C49-TRUNC(C49))/0.6) -> 0 | F48: =ROUND(((LOG10(TAN(PI()/4+(D48/2*PI()/180)))*7915.7046)-(3437.7468*((0.0816968^2*SIN(D48*PI()/180))+(0.0816968^4/3*((SIN(D48*PI()/180))^3))+(0.0816968^6/5*((SIN(D48*PI()/180))^5))))),2) -> 0 | H48: =IF(E48<0,E48+360,E48) -> 0 | Q48: =IF(O47="","",Q46+O47) | R48: =IF(O47="","",R46-O47) | T48: RADAR/GPS | W48: =IF(P47="","",W46+V47)
G49: =ABS(D48-D50)*60 -> 0 | I49: =ABS(H48-H50)*60 -> 0 | J49: =ABS(F48-F50) -> 0 | K49: =IF(AND(D48<D50,H48=H50),0,IF(AND(D48>D50,H48=H50),180,IF(AND(D48=D50,H48<H50),90,IF(AND(D48=D50,H48>H50),270,(ATAN(I49/J49)*180/PI()))))) -> #DIV/0! | L49: =IF(OR(K49=0,K49=90,K49=180,K49=270),K49,IF(AND(D48<D50,H48<H50),K49,IF(AND(D48<D50,H48>H50),360-K49,IF(AND(D48>D50,H48<H50),180-K49,IF(AND(D48>D50,H48>H50),180+K49))))) -> #DIV/0! | M49: =(IF(I49=0,G49,IF(G49=0,COS(D50*PI()/180)*I49,G49/COS(K49*PI()/180)))) -> 0 | N49: =IF(C51="","",ROUND(L49,1)) | O49: =IF(C51="","",ROUND(M49,1)) | T49: EVERY 5 MIN | V49: =(O49/P49+U49/60)/24 -> #VALUE!
A50: 19 | D50: =TRUNC(C50)+((C50-TRUNC(C50))/0.6) -> 0 | E50: =TRUNC(C51)+((C51-TRUNC(C51))/0.6) -> 0 | F50: =ROUND(((LOG10(TAN(PI()/4+(D50/2*PI()/180)))*7915.7046)-(3437.7468*((0.0816968^2*SIN(D50*PI()/180))+(0.0816968^4/3*((SIN(D50*PI()/180))^3))+(0.0816968^6/5*((SIN(D50*PI()/180))^5))))),2) -> 0 | H50: =IF(E50<0,E50+360,E50) -> 0 | Q50: =IF(O49="","",Q48+O49) | R50: =IF(O49="","",R48-O49) | W50: =IF(P49="","",W48+V49)
A52: PASSAGE PLAN | B52: NAGOYA BERTH (KINJO) | C52: 35.03 | P52: FROM: | Q52: =Q1 -> 0 | T52: =T1 -> 0
C53: 136.51 | P53: TO : | Q53: =Q2 -> 0 | T53: =T2 -> 0
A54: =#REF! -> #REF! | AD54: =#REF! -> #REF!
A55: NO. | B55: NAME/ REFERENCE | C55: POSITION | N55: T/CO | O55: DIST | P55: SP'D | Q55: F'M | R55: TO | S55: ESTIMATED MINIMUM UKC / E (ENOUGH) | T55: POSITION | U55: TIME CORR. (min.) | W55: ETA/ETP (L.T.) DD/MM/YY | X55: METHODS OF OBTAINING POSITION | Y55: POSITION FIXING INTERVAL | Z55: CALL MASTER | AA55: WATCH LEVEL | AB55: CHART NO. | AC55: GARBAGE/SEWAGE DISPOSAL | AD55: REMARKS:
T56: FIX SYSTEM
D57: Lat | E57: Long | F57: 漸長緯度 | G57: 緯差 | H57: Long (360) | I57: 経差 | J57: 漸長緯度差 | L57: 針路 | M57: 距離 | T57: PRIMARY
T58: SECONDARY
A59: 19 | B59: =B50 -> 0 | C59: =C50 -> 0 | D59: =TRUNC(C59)+((C59-TRUNC(C59))/0.6) -> 0 | E59: =TRUNC(C60)+((C60-TRUNC(C60))/0.6) -> 0 | F59: =ROUND(((LOG10(TAN(PI()/4+(D59/2*PI()/180)))*7915.7046)-(3437.7468*((0.0816968^2*SIN(D59*PI()/180))+(0.0816968^4/3*((SIN(D59*PI()/180))^3))+(0.0816968^6/5*((SIN(D59*PI()/180))^5))))),2) -> 0 | H59: =IF(E59<0,E59+360,E59) -> 0 | N59: =N49 | O59: =O49 | P59: =P49 -> 0 | Q59: =Q50 | R59: =R50 | T59: RADAR | W59: =W50
C60: =C51 -> 0 | G60: =ABS(D59-D61)*60 -> 0 | I60: =ABS(H59-H61)*60 -> 0 | J60: =ABS(F59-F61) -> 0 | K60: =IF(AND(D59<D61,H59=H61),0,IF(AND(D59>D61,H59=H61),180,IF(AND(D59=D61,H59<H61),90,IF(AND(D59=D61,H59>H61),270,(ATAN(I60/J60)*180/PI()))))) -> #DIV/0! | L60: =IF(OR(K60=0,K60=90,K60=180,K60=270),K60,IF(AND(D59<D61,H59<H61),K60,IF(AND(D59<D61,H59>H61),360-K60,IF(AND(D59>D61,H59<H61),180-K60,IF(AND(D59>D61,H59>H61),180+K60))))) -> #DIV/0! | M60: =(IF(I60=0,G60,IF(G60=0,COS(D61*PI()/180)*I60,G60/COS(K60*PI()/180)))) -> 0 | N60: =IF(C62="","",ROUND(L60,1)) | O60: =IF(C62="","",ROUND(M60,1)) | T60: EVERY 5 MIN | V60: =(O60/P60+U60/60)/24 -> #VALUE!
A61: 20 | D61: =TRUNC(C61)+((C61-TRUNC(C61))/0.6) -> 0 | E61: =TRUNC(C62)+((C62-TRUNC(C62))/0.6) -> 0 | F61: =ROUND(((LOG10(TAN(PI()/4+(D61/2*PI()/180)))*7915.7046)-(3437.7468*((0.0816968^2*SIN(D61*PI()/180))+(0.0816968^4/3*((SIN(D61*PI()/180))^3))+(0.0816968^6/5*((SIN(D61*PI()/180))^5))))),2) -> 0 | H61: =IF(E61<0,E61+360,E61) -> 0 | Q61: =IF(O60="","",Q59+O60) | R61: =IF(O60="","",R59-O60) | T61: RADAR | W61: =IF(P60="","",W59+V60)
G62: =ABS(D61-D63)*60 -> 0 | I62: =ABS(H61-H63)*60 -> 0 | J62: =ABS(F61-F63) -> 0 | K62: =IF(AND(D61<D63,H61=H63),0,IF(AND(D61>D63,H61=H63),180,IF(AND(D61=D63,H61<H63),90,IF(AND(D61=D63,H61>H63),270,(ATAN(I62/J62)*180/PI()))))) -> #DIV/0! | L62: =IF(OR(K62=0,K62=90,K62=180,K62=270),K62,IF(AND(D61<D63,H61<H63),K62,IF(AND(D61<D63,H61>H63),360-K62,IF(AND(D61>D63,H61<H63),180-K62,IF(AND(D61>D63,H61>H63),180+K62))))) -> #DIV/0! | M62: =(IF(I62=0,G62,IF(G62=0,COS(D63*PI()/180)*I62,G62/COS(K62*PI()/180)))) -> 0 | N62: =IF(C64="","",ROUND(L62,1)) | O62: =IF(C64="","",ROUND(M62,1)) | T62: EVERY 5 MIN | V62: =(O62/P62+U62/60)/24 -> #VALUE!
A63: 21 | D63: =TRUNC(C63)+((C63-TRUNC(C63))/0.6) -> 0 | E63: =TRUNC(C64)+((C64-TRUNC(C64))/0.6) -> 0 | F63: =ROUND(((LOG10(TAN(PI()/4+(D63/2*PI()/180)))*7915.7046)-(3437.7468*((0.0816968^2*SIN(D63*PI()/180))+(0.0816968^4/3*((SIN(D63*PI()/180))^3))+(0.0816968^6/5*((SIN(D63*PI()/180))^5))))),2) -> 0 | H63: =IF(E63<0,E63+360,E63) -> 0 | Q63: =IF(O62="","",Q61+O62) | R63: =IF(O62="","",R61-O62) | T63: RADAR | W63: =IF(P62="","",W61+V62)
G64: =ABS(D63-D65)*60 -> 0 | I64: =ABS(H63-H65)*60 -> 0 | J64: =ABS(F63-F65) -> 0 | K64: =IF(AND(D63<D65,H63=H65),0,IF(AND(D63>D65,H63=H65),180,IF(AND(D63=D65,H63<H65),90,IF(AND(D63=D65,H63>H65),270,(ATAN(I64/J64)*180/PI()))))) -> #DIV/0! | L64: =IF(OR(K64=0,K64=90,K64=180,K64=270),K64,IF(AND(D63<D65,H63<H65),K64,IF(AND(D63<D65,H63>H65),360-K64,IF(AND(D63>D65,H63<H65),180-K64,IF(AND(D63>D65,H63>H65),180+K64))))) -> #DIV/0! | M64: =(IF(I64=0,G64,IF(G64=0,COS(D65*PI()/180)*I64,G64/COS(K64*PI()/180)))) -> 0 | N64: =IF(C66="","",ROUND(L64,1)) | O64: =IF(C66="","",ROUND(M64,1)) | T64: EVERY 5 MIN | V64: =(O64/P64+U64/60)/24 -> #VALUE!
A65: 22 | D65: =TRUNC(C65)+((C65-TRUNC(C65))/0.6) -> 0 | E65: =TRUNC(C66)+((C66-TRUNC(C66))/0.6) -> 0 | F65: =ROUND(((LOG10(TAN(PI()/4+(D65/2*PI()/180)))*7915.7046)-(3437.7468*((0.0816968^2*SIN(D65*PI()/180))+(0.0816968^4/3*((SIN(D65*PI()/180))^3))+(0.0816968^6/5*((SIN(D65*PI()/180))^5))))),2) -> 0 | H65: =IF(E65<0,E65+360,E65) -> 0 | Q65: =IF(O64="","",Q63+O64) | R65: =IF(O64="","",R63-O64) | T65: RADAR | W65: =IF(P64="","",W63+V64)
G66: =ABS(D65-D67)*60 -> 0 | I66: =ABS(H65-H67)*60 -> 0 | J66: =ABS(F65-F67) -> 0 | K66: =IF(AND(D65<D67,H65=H67),0,IF(AND(D65>D67,H65=H67),180,IF(AND(D65=D67,H65<H67),90,IF(AND(D65=D67,H65>H67),270,(ATAN(I66/J66)*180/PI()))))) -> #DIV/0! | L66: =IF(OR(K66=0,K66=90,K66=180,K66=270),K66,IF(AND(D65<D67,H65<H67),K66,IF(AND(D65<D67,H65>H67),360-K66,IF(AND(D65>D67,H65<H67),180-K66,IF(AND(D65>D67,H65>H67),180+K66))))) -> #DIV/0! | M66: =(IF(I66=0,G66,IF(G66=0,COS(D67*PI()/180)*I66,G66/COS(K66*PI()/180)))) -> 0 | N66: =IF(C68="","",ROUND(L66,1)) | O66: =IF(C68="","",ROUND(M66,1)) | T66: EVERY 5 MIN | V66: =(O66/P66+U66/60)/24 -> #VALUE!
A67: 23 | D67: =TRUNC(C67)+((C67-TRUNC(C67))/0.6) -> 0 | E67: =TRUNC(C68)+((C68-TRUNC(C68))/0.6) -> 0 | F67: =ROUND(((LOG10(TAN(PI()/4+(D67/2*PI()/180)))*7915.7046)-(3437.7468*((0.0816968^2*SIN(D67*PI()/180))+(0.0816968^4/3*((SIN(D67*PI()/180))^3))+(0.0816968^6/5*((SIN(D67*PI()/180))^5))))),2) -> 0 | H67: =IF(E67<0,E67+360,E67) -> 0 | Q67: =IF(O66="","",Q65+O66) | R67: =IF(O66="","",R65-O66) | T67: RADAR | W67: =IF(P66="","",W65+V66)
G68: =ABS(D67-D69)*60 -> 0 | I68: =ABS(H67-H69)*60 -> 0 | J68: =ABS(F67-F69) -> 0 | K68: =IF(AND(D67<D69,H67=H69),0,IF(AND(D67>D69,H67=H69),180,IF(AND(D67=D69,H67<H69),90,IF(AND(D67=D69,H67>H69),270,(ATAN(I68/J68)*180/PI()))))) -> #DIV/0! | L68: =IF(OR(K68=0,K68=90,K68=180,K68=270),K68,IF(AND(D67<D69,H67<H69),K68,IF(AND(D67<D69,H67>H69),360-K68,IF(AND(D67>D69,H67<H69),180-K68,IF(AND(D67>D69,H67>H69),180+K68))))) -> #DIV/0! | M68: =(IF(I68=0,G68,IF(G68=0,COS(D69*PI()/180)*I68,G68/COS(K68*PI()/180)))) -> 0 | N68: =IF(C70="","",ROUND(L68,1)) | O68: =IF(C70="","",ROUND(M68,1)) | T68: EVERY 5MIN. | V68: =(O68/P68+U68/60)/24 -> #VALUE!
A69: 24 | D69: =TRUNC(C69)+((C69-TRUNC(C69))/0.6) -> 0 | E69: =TRUNC(C70)+((C70-TRUNC(C70))/0.6) -> 0 | F69: =ROUND(((LOG10(TAN(PI()/4+(D69/2*PI()/180)))*7915.7046)-(3437.7468*((0.0816968^2*SIN(D69*PI()/180))+(0.0816968^4/3*((SIN(D69*PI()/180))^3))+(0.0816968^6/5*((SIN(D69*PI()/180))^5))))),2) -> 0 | H69: =IF(E69<0,E69+360,E69) -> 0 | Q69: =IF(O68="","",Q67+O68) | R69: =IF(O68="","",R67-O68) | T69: RADAR | W69: =IF(P68="","",W67+V68)
G70: =ABS(D69-D71)*60 -> 0 | I70: =ABS(H69-H71)*60 -> 0 | J70: =ABS(F69-F71) -> 0 | K70: =IF(AND(D69<D71,H69=H71),0,IF(AND(D69>D71,H69=H71),180,IF(AND(D69=D71,H69<H71),90,IF(AND(D69=D71,H69>H71),270,(ATAN(I70/J70)*180/PI()))))) -> #DIV/0! | L70: =IF(OR(K70=0,K70=90,K70=180,K70=270),K70,IF(AND(D69<D71,H69<H71),K70,IF(AND(D69<D71,H69>H71),360-K70,IF(AND(D69>D71,H69<H71),180-K70,IF(AND(D69>D71,H69>H71),180+K70))))) -> #DIV/0! | M70: =(IF(I70=0,G70,IF(G70=0,COS(D71*PI()/180)*I70,G70/COS(K70*PI()/180)))) -> 0 | N70: =IF(C72="","",ROUND(L70,1)) | O70: =IF(C72="","",ROUND(M70,1)) | T70: EVERY 5 MIN | V70: =(O70/P70+U70/60)/24 -> #VALUE!
A71: 25 | D71: =TRUNC(C71)+((C71-TRUNC(C71))/0.6) -> 0 | E71: =TRUNC(C72)+((C72-TRUNC(C72))/0.6) -> 0 | F71: =ROUND(((LOG10(TAN(PI()/4+(D71/2*PI()/180)))*7915.7046)-(3437.7468*((0.0816968^2*SIN(D71*PI()/180))+(0.0816968^4/3*((SIN(D71*PI()/180))^3))+(0.0816968^6/5*((SIN(D71*PI()/180))^5))))),2) -> 0 | H71: =IF(E71<0,E71+360,E71) -> 0 | Q71: =IF(O70="","",Q69+O70) | R71: =IF(O70="","",R69-O70) | T71: RADAR/GPS | W71: =IF(P70="","",W69+V70)
G72: =ABS(D71-D73)*60 -> 0 | I72: =ABS(H71-H73)*60 -> 0 | J72: =ABS(F71-F73) -> 0 | K72: =IF(AND(D71<D73,H71=H73),0,IF(AND(D71>D73,H71=H73),180,IF(AND(D71=D73,H71<H73),90,IF(AND(D71=D73,H71>H73),270,(ATAN(I72/J72)*180/PI()))))) -> #DIV/0! | L72: =IF(OR(K72=0,K72=90,K72=180,K72=270),K72,IF(AND(D71<D73,H71<H73),K72,IF(AND(D71<D73,H71>H73),360-K72,IF(AND(D71>D73,H71<H73),180-K72,IF(AND(D71>D73,H71>H73),180+K72))))) -> #DIV/0! | M72: =(IF(I72=0,G72,IF(G72=0,COS(D73*PI()/180)*I72,G72/COS(K72*PI()/180)))) -> 0 | N72: =IF(C74="","",ROUND(L72,1)) | O72: =IF(C74="","",ROUND(M72,1)) | T72: EVERY 5MIN. | V72: =(O72/P72+U72/60)/24 -> #VALUE!
A73: 26 | D73: =TRUNC(C73)+((C73-TRUNC(C73))/0.6) -> 0 | E73: =TRUNC(C74)+((C74-TRUNC(C74))/0.6) -> 0 | F73: =ROUND(((LOG10(TAN(PI()/4+(D73/2*PI()/180)))*7915.7046)-(3437.7468*((0.0816968^2*SIN(D73*PI()/180))+(0.0816968^4/3*((SIN(D73*PI()/180))^3))+(0.0816968^6/5*((SIN(D73*PI()/180))^5))))),2) -> 0 | H73: =IF(E73<0,E73+360,E73) -> 0 | Q73: =IF(O72="","",Q71+O72) | R73: =IF(O72="","",R71-O72) | T73: RADAR/GPS | W73: =IF(P72="","",W71+V72)
G74: =ABS(D73-D75)*60 -> 0 | I74: =ABS(H73-H75)*60 -> 0 | J74: =ABS(F73-F75) -> 0 | K74: =IF(AND(D73<D75,H73=H75),0,IF(AND(D73>D75,H73=H75),180,IF(AND(D73=D75,H73<H75),90,IF(AND(D73=D75,H73>H75),270,(ATAN(I74/J74)*180/PI()))))) -> #DIV/0! | L74: =IF(OR(K74=0,K74=90,K74=180,K74=270),K74,IF(AND(D73<D75,H73<H75),K74,IF(AND(D73<D75,H73>H75),360-K74,IF(AND(D73>D75,H73<H75),180-K74,IF(AND(D73>D75,H73>H75),180+K74))))) -> #DIV/0! | M74: =(IF(I74=0,G74,IF(G74=0,COS(D75*PI()/180)*I74,G74/COS(K74*PI()/180)))) -> 0 | N74: =IF(C76="","",ROUND(L74,1)) | O74: =IF(C76="","",ROUND(M74,1)) | T74: EVERY 5MIN. | V74: =(O74/P74+U74/60)/24 -> #VALUE!
A75: 27 | D75: =TRUNC(C75)+((C75-TRUNC(C75))/0.6) -> 0 | E75: =TRUNC(C76)+((C76-TRUNC(C76))/0.6) -> 0 | F75: =ROUND(((LOG10(TAN(PI()/4+(D75/2*PI()/180)))*7915.7046)-(3437.7468*((0.0816968^2*SIN(D75*PI()/180))+(0.0816968^4/3*((SIN(D75*PI()/180))^3))+(0.0816968^6/5*((SIN(D75*PI()/180))^5))))),2) -> 0 | H75: =IF(E75<0,E75+360,E75) -> 0 | Q75: =IF(O74="","",Q73+O74) | R75: =IF(O74="","",R73-O74) | T75: RADR/GPS | W75: =IF(P74="","",W73+V74)
G76: =ABS(D75-D77)*60 -> 0 | I76: =ABS(H75-H77)*60 -> 0 | J76: =ABS(F75-F77) -> 0 | K76: =IF(AND(D75<D77,H75=H77),0,IF(AND(D75>D77,H75=H77),180,IF(AND(D75=D77,H75<H77),90,IF(AND(D75=D77,H75>H77),270,(ATAN(I76/J76)*180/PI()))))) -> #DIV/0! | L76: =IF(OR(K76=0,K76=90,K76=180,K76=270),K76,IF(AND(D75<D77,H75<H77),K76,IF(AND(D75<D77,H75>H77),360-K76,IF(AND(D75>D77,H75<H77),180-K76,IF(AND(D75>D77,H75>H77),180+K76))))) -> #DIV/0! | M76: =(IF(I76=0,G76,IF(G76=0,COS(D77*PI()/180)*I76,G76/COS(K76*PI()/180)))) -> 0 | N76: =IF(C78="","",ROUND(L76,1)) | O76: =IF(C78="","",ROUND(M76,1)) | T76: EVERY 5MIN. | V76: =(O76/P76+U76/60)/24 -> #VALUE!
A77: 28 | D77: =TRUNC(C77)+((C77-TRUNC(C77))/0.6) -> 0 | E77: =TRUNC(C78)+((C78-TRUNC(C78))/0.6) -> 0 | F77: =ROUND(((LOG10(TAN(PI()/4+(D77/2*PI()/180)))*7915.7046)-(3437.7468*((0.0816968^2*SIN(D77*PI()/180))+(0.0816968^4/3*((SIN(D77*PI()/180))^3))+(0.0816968^6/5*((SIN(D77*PI()/180))^5))))),2) -> 0 | H77: =IF(E77<0,E77+360,E77) -> 0 | Q77: =IF(O76="","",Q75+O76) | R77: =IF(O76="","",R75-O76) | T77: RADAR/GPS | W77: =IF(P76="","",W75+V76)
G78: =ABS(D77-D79)*60 -> 0 | I78: =ABS(H77-H79)*60 -> 0 | J78: =ABS(F77-F79) -> 0 | K78: =IF(AND(D77<D79,H77=H79),0,IF(AND(D77>D79,H77=H79),180,IF(AND(D77=D79,H77<H79),90,IF(AND(D77=D79,H77>H79),270,(ATAN(I78/J78)*180/PI()))))) -> #DIV/0! | L78: =IF(OR(K78=0,K78=90,K78=180,K78=270),K78,IF(AND(D77<D79,H77<H79),K78,IF(AND(D77<D79,H77>H79),360-K78,IF(AND(D77>D79,H77<H79),180-K78,IF(AND(D77>D79,H77>H79),180+K78))))) -> #DIV/0! | M78: =(IF(I78=0,G78,IF(G78=0,COS(D79*PI()/180)*I78,G78/COS(K78*PI()/180)))) -> 0 | N78: =IF(C80="","",ROUND(L78,1)) | O78: =IF(C80="","",ROUND(M78,1)) | T78: EVERY 5 MIN | V78: =(O78/P78+U78/60)/24 -> #VALUE!
A79: 29 | D79: =TRUNC(C79)+((C79-TRUNC(C79))/0.6) -> 0 | E79: =TRUNC(C80)+((C80-TRUNC(C80))/0.6) -> 0 | F79: =ROUND(((LOG10(TAN(PI()/4+(D79/2*PI()/180)))*7915.7046)-(3437.7468*((0.0816968^2*SIN(D79*PI()/180))+(0.0816968^4/3*((SIN(D79*PI()/180))^3))+(0.0816968^6/5*((SIN(D79*PI()/180))^5))))),2) -> 0 | H79: =IF(E79<0,E79+360,E79) -> 0 | Q79: =IF(O78="","",Q77+O78) | R79: =IF(O78="","",R77-O78) | T79: RADAR/GPS | W79: =IF(P78="","",W77+V78)
G80: =ABS(D79-D81)*60 -> 0 | I80: =ABS(H79-H81)*60 -> 0 | J80: =ABS(F79-F81) -> 0 | K80: =IF(AND(D79<D81,H79=H81),0,IF(AND(D79>D81,H79=H81),180,IF(AND(D79=D81,H79<H81),90,IF(AND(D79=D81,H79>H81),270,(ATAN(I80/J80)*180/PI()))))) -> #DIV/0! | L80: =IF(OR(K80=0,K80=90,K80=180,K80=270),K80,IF(AND(D79<D81,H79<H81),K80,IF(AND(D79<D81,H79>H81),360-K80,IF(AND(D79>D81,H79<H81),180-K80,IF(AND(D79>D81,H79>H81),180+K80))))) -> #DIV/0! | M80: =(IF(I80=0,G80,IF(G80=0,COS(D81*PI()/180)*I80,G80/COS(K80*PI()/180)))) -> 0 | N80: =IF(C82="","",ROUND(L80,1)) | O80: =IF(C82="","",ROUND(M80,1)) | T80: EVERY 15 MIN | V80: =(O80/P80+U80/60)/24 -> #VALUE!
A81: 30 | D81: =TRUNC(C81)+((C81-TRUNC(C81))/0.6) -> 0 | E81: =TRUNC(C82)+((C82-TRUNC(C82))/0.6) -> 0 | F81: =ROUND(((LOG10(TAN(PI()/4+(D81/2*PI()/180)))*7915.7046)-(3437.7468*((0.0816968^2*SIN(D81*PI()/180))+(0.0816968^4/3*((SIN(D81*PI()/180))^3))+(0.0816968^6/5*((SIN(D81*PI()/180))^5))))),2) -> 0 | H81: =IF(E81<0,E81+360,E81) -> 0 | Q81: =IF(O80="","",Q79+O80) | R81: =IF(O80="","",R79-O80) | T81: RADAR/GPS | W81: =IF(P80="","",W79+V80)
G82: =ABS(D81-D83)*60 -> 0 | I82: =ABS(H81-H83)*60 -> 0 | J82: =ABS(F81-F83) -> 0 | K82: =IF(AND(D81<D83,H81=H83),0,IF(AND(D81>D83,H81=H83),180,IF(AND(D81=D83,H81<H83),90,IF(AND(D81=D83,H81>H83),270,(ATAN(I82/J82)*180/PI()))))) -> #DIV/0! | L82: =IF(OR(K82=0,K82=90,K82=180,K82=270),K82,IF(AND(D81<D83,H81<H83),K82,IF(AND(D81<D83,H81>H83),360-K82,IF(AND(D81>D83,H81<H83),180-K82,IF(AND(D81>D83,H81>H83),180+K82))))) -> #DIV/0! | M82: =(IF(I82=0,G82,IF(G82=0,COS(D83*PI()/180)*I82,G82/COS(K82*PI()/180)))) -> 0 | N82: =IF(C84="","",ROUND(L82,1)) | O82: =IF(C84="","",ROUND(M82,1)) | T82: EVERY 15 MIN | V82: =(O82/P82+U82/60)/24 -> #VALUE!
A83: 31 | D83: =TRUNC(C83)+((C83-TRUNC(C83))/0.6) -> 0 | E83: =TRUNC(C84)+((C84-TRUNC(C84))/0.6) -> 0 | F83: =ROUND(((LOG10(TAN(PI()/4+(D83/2*PI()/180)))*7915.7046)-(3437.7468*((0.0816968^2*SIN(D83*PI()/180))+(0.0816968^4/3*((SIN(D83*PI()/180))^3))+(0.0816968^6/5*((SIN(D83*PI()/180))^5))))),2) -> 0 | H83: =IF(E83<0,E83+360,E83) -> 0 | Q83: =IF(O82="","",Q81+O82) | R83: =IF(O82="","",R81-O82) | T83: RADAR/GPS | W83: =IF(P82="","",W81+V82)
G84: =ABS(D83-D85)*60 -> 0 | I84: =ABS(H83-H85)*60 -> 0 | J84: =ABS(F83-F85) -> 0 | K84: =IF(AND(D83<D85,H83=H85),0,IF(AND(D83>D85,H83=H85),180,IF(AND(D83=D85,H83<H85),90,IF(AND(D83=D85,H83>H85),270,(ATAN(I84/J84)*180/PI()))))) -> #DIV/0! | L84: =IF(OR(K84=0,K84=90,K84=180,K84=270),K84,IF(AND(D83<D85,H83<H85),K84,IF(AND(D83<D85,H83>H85),360-K84,IF(AND(D83>D85,H83<H85),180-K84,IF(AND(D83>D85,H83>H85),180+K84))))) -> #DIV/0! | M84: =(IF(I84=0,G84,IF(G84=0,COS(D85*PI()/180)*I84,G84/COS(K84*PI()/180)))) -> 0 | N84: =IF(C86="","",ROUND(L84,1)) | O84: =IF(C86="","",ROUND(M84,1)) | T84: EVERY 30 MIN | V84: =(O84/P84+U84/60)/24 -> #VALUE!
A85: 32 | D85: =TRUNC(C85)+((C85-TRUNC(C85))/0.6) -> 0 | E85: =TRUNC(C86)+((C86-TRUNC(C86))/0.6) -> 0 | F85: =ROUND(((LOG10(TAN(PI()/4+(D85/2*PI()/180)))*7915.7046)-(3437.7468*((0.0816968^2*SIN(D85*PI()/180))+(0.0816968^4/3*((SIN(D85*PI()/180))^3))+(0.0816968^6/5*((SIN(D85*PI()/180))^5))))),2) -> 0 | H85: =IF(E85<0,E85+360,E85) -> 0 | Q85: =IF(O84="","",Q83+O84) | R85: =IF(O84="","",R83-O84) | T85: RADAR/GPS | W85: =IF(P84="","",W83+V84)
G86: =ABS(D85-D87)*60 -> 0 | I86: =ABS(H85-H87)*60 -> 0 | J86: =ABS(F85-F87) -> 0 | K86: =IF(AND(D85<D87,H85=H87),0,IF(AND(D85>D87,H85=H87),180,IF(AND(D85=D87,H85<H87),90,IF(AND(D85=D87,H85>H87),270,(ATAN(I86/J86)*180/PI()))))) -> #DIV/0! | L86: =IF(OR(K86=0,K86=90,K86=180,K86=270),K86,IF(AND(D85<D87,H85<H87),K86,IF(AND(D85<D87,H85>H87),360-K86,IF(AND(D85>D87,H85<H87),180-K86,IF(AND(D85>D87,H85>H87),180+K86))))) -> #DIV/0! | M86: =(IF(I86=0,G86,IF(G86=0,COS(D87*PI()/180)*I86,G86/COS(K86*PI()/180)))) -> 0 | N86: =IF(C88="","",ROUND(L86,1)) | O86: =IF(C88="","",ROUND(M86,1)) | T86: EVERY 30 MIN | V86: =(O86/P86+U86/60)/24 -> #VALUE!
A87: 33 | D87: =TRUNC(C87)+((C87-TRUNC(C87))/0.6) -> 0 | E87: =TRUNC(C88)+((C88-TRUNC(C88))/0.6) -> 0 | F87: =ROUND(((LOG10(TAN(PI()/4+(D87/2*PI()/180)))*7915.7046)-(3437.7468*((0.0816968^2*SIN(D87*PI()/180))+(0.0816968^4/3*((SIN(D87*PI()/180))^3))+(0.0816968^6/5*((SIN(D87*PI()/180))^5))))),2) -> 0 | H87: =IF(E87<0,E87+360,E87) -> 0 | Q87: =IF(O86="","",Q85+O86) | R87: =IF(O86="","",R85-O86) | T87: GPS | W87: =IF(P86="","",W85+V86)
G88: =ABS(D87-D89)*60 -> 0 | I88: =ABS(H87-H89)*60 -> 0 | J88: =ABS(F87-F89) -> 0 | K88: =IF(AND(D87<D89,H87=H89),0,IF(AND(D87>D89,H87=H89),180,IF(AND(D87=D89,H87<H89),90,IF(AND(D87=D89,H87>H89),270,(ATAN(I88/J88)*180/PI()))))) -> #DIV/0! | L88: =IF(OR(K88=0,K88=90,K88=180,K88=270),K88,IF(AND(D87<D89,H87<H89),K88,IF(AND(D87<D89,H87>H89),360-K88,IF(AND(D87>D89,H87<H89),180-K88,IF(AND(D87>D89,H87>H89),180+K88))))) -> #DIV/0! | M88: =(IF(I88=0,G88,IF(G88=0,COS(D89*PI()/180)*I88,G88/COS(K88*PI()/180)))) -> 0 | N88: =IF(C90="","",ROUND(L88,1)) | O88: =IF(C90="","",ROUND(M88,1)) | T88: EVERY 1 HR. | V88: =(O88/P88+U88/60)/24 -> #VALUE!
A89: 34 | D89: =TRUNC(C89)+((C89-TRUNC(C89))/0.6) -> 0 | E89: =TRUNC(C90)+((C90-TRUNC(C90))/0.6) -> 0 | F89: =ROUND(((LOG10(TAN(PI()/4+(D89/2*PI()/180)))*7915.7046)-(3437.7468*((0.0816968^2*SIN(D89*PI()/180))+(0.0816968^4/3*((SIN(D89*PI()/180))^3))+(0.0816968^6/5*((SIN(D89*PI()/180))^5))))),2) -> 0 | H89: =IF(E89<0,E89+360,E89) -> 0 | Q89: =IF(O88="","",Q87+O88) | R89: =IF(O88="","",R87-O88) | T89: GPS | W89: =IF(P88="","",W87+V88)
G90: =ABS(D89-D91)*60 -> 0 | I90: =ABS(H89-H91)*60 -> 0 | J90: =ABS(F89-F91) -> 0 | K90: =IF(AND(D89<D91,H89=H91),0,IF(AND(D89>D91,H89=H91),180,IF(AND(D89=D91,H89<H91),90,IF(AND(D89=D91,H89>H91),270,(ATAN(I90/J90)*180/PI()))))) -> #DIV/0! | L90: =IF(OR(K90=0,K90=90,K90=180,K90=270),K90,IF(AND(D89<D91,H89<H91),K90,IF(AND(D89<D91,H89>H91),360-K90,IF(AND(D89>D91,H89<H91),180-K90,IF(AND(D89>D91,H89>H91),180+K90))))) -> #DIV/0! | M90: =(IF(I90=0,G90,IF(G90=0,COS(D91*PI()/180)*I90,G90/COS(K90*PI()/180)))) -> 0 | N90: =IF(C92="","",ROUND(L90,1)) | O90: =IF(C92="","",ROUND(M90,1)) | T90: EVERY 1 HR. | V90: =(O90/P90+U90/60)/24 -> #VALUE!
A91: 35 | D91: =TRUNC(C91)+((C91-TRUNC(C91))/0.6) -> 0 | E91: =TRUNC(C92)+((C92-TRUNC(C92))/0.6) -> 0 | F91: =ROUND(((LOG10(TAN(PI()/4+(D91/2*PI()/180)))*7915.7046)-(3437.7468*((0.0816968^2*SIN(D91*PI()/180))+(0.0816968^4/3*((SIN(D91*PI()/180))^3))+(0.0816968^6/5*((SIN(D91*PI()/180))^5))))),2) -> 0 | H91: =IF(E91<0,E91+360,E91) -> 0 | Q91: =IF(O90="","",Q89+O90) | R91: =IF(O90="","",R89-O90) | T91: RADAR/GPS | W91: =IF(P90="","",W89+V90)
G92: =ABS(D91-D93)*60 -> 0 | I92: =ABS(H91-H93)*60 -> 0 | J92: =ABS(F91-F93) -> 0 | K92: =IF(AND(D91<D93,H91=H93),0,IF(AND(D91>D93,H91=H93),180,IF(AND(D91=D93,H91<H93),90,IF(AND(D91=D93,H91>H93),270,(ATAN(I92/J92)*180/PI()))))) -> #DIV/0! | L92: =IF(OR(K92=0,K92=90,K92=180,K92=270),K92,IF(AND(D91<D93,H91<H93),K92,IF(AND(D91<D93,H91>H93),360-K92,IF(AND(D91>D93,H91<H93),180-K92,IF(AND(D91>D93,H91>H93),180+K92))))) -> #DIV/0! | M92: =(IF(I92=0,G92,IF(G92=0,COS(D93*PI()/180)*I92,G92/COS(K92*PI()/180)))) -> 0 | N92: =IF(C94="","",ROUND(L92,1)) | O92: =IF(C94="","",ROUND(M92,1)) | T92: EVERY 30 MIN | V92: =(O92/P92+U92/60)/24 -> #VALUE!
A93: 36 | D93: =TRUNC(C93)+((C93-TRUNC(C93))/0.6) -> 0 | E93: =TRUNC(C94)+((C94-TRUNC(C94))/0.6) -> 0 | F93: =ROUND(((LOG10(TAN(PI()/4+(D93/2*PI()/180)))*7915.7046)-(3437.7468*((0.0816968^2*SIN(D93*PI()/180))+(0.0816968^4/3*((SIN(D93*PI()/180))^3))+(0.0816968^6/5*((SIN(D93*PI()/180))^5))))),2) -> 0 | H93: =IF(E93<0,E93+360,E93) -> 0 | Q93: =IF(O92="","",Q91+O92) | R93: =IF(O92="","",R91-O92) | T93: RADAR/GPS | W93: =IF(P92="","",W91+V92)
G94: =ABS(D93-D95)*60 -> 0 | I94: =ABS(H93-H95)*60 -> 0 | J94: =ABS(F93-F95) -> 0 | K94: =IF(AND(D93<D95,H93=H95),0,IF(AND(D93>D95,H93=H95),180,IF(AND(D93=D95,H93<H95),90,IF(AND(D93=D95,H93>H95),270,(ATAN(I94/J94)*180/PI()))))) -> #DIV/0! | L94: =IF(OR(K94=0,K94=90,K94=180,K94=270),K94,IF(AND(D93<D95,H93<H95),K94,IF(AND(D93<D95,H93>H95),360-K94,IF(AND(D93>D95,H93<H95),180-K94,IF(AND(D93>D95,H93>H95),180+K94))))) -> #DIV/0! | M94: =(IF(I94=0,G94,IF(G94=0,COS(D95*PI()/180)*I94,G94/COS(K94*PI()/180)))) -> 0 | N94: =IF(C96="","",ROUND(L94,1)) | O94: =IF(C96="","",ROUND(M94,1)) | T94: EVERY 15 MIN | V94: =(O94/P94+U94/60)/24 -> #VALUE!
A95: 37 | D95: =TRUNC(C95)+((C95-TRUNC(C95))/0.6) -> 0 | E95: =TRUNC(C96)+((C96-TRUNC(C96))/0.6) -> 0 | F95: =ROUND(((LOG10(TAN(PI()/4+(D95/2*PI()/180)))*7915.7046)-(3437.7468*((0.0816968^2*SIN(D95*PI()/180))+(0.0816968^4/3*((SIN(D95*PI()/180))^3))+(0.0816968^6/5*((SIN(D95*PI()/180))^5))))),2) -> 0 | H95: =IF(E95<0,E95+360,E95) -> 0 | Q95: =IF(O94="","",Q93+O94) | R95: =IF(O94="","",R93-O94) | T95: RADAR/GPS | W95: =IF(P94="","",W93+V94)
G96: =ABS(D95-D97)*60 -> 0 | I96: =ABS(H95-H97)*60 -> 0 | J96: =ABS(F95-F97) -> 0 | K96: =IF(AND(D95<D97,H95=H97),0,IF(AND(D95>D97,H95=H97),180,IF(AND(D95=D97,H95<H97),90,IF(AND(D95=D97,H95>H97),270,(ATAN(I96/J96)*180/PI()))))) -> #DIV/0! | L96: =IF(OR(K96=0,K96=90,K96=180,K96=270),K96,IF(AND(D95<D97,H95<H97),K96,IF(AND(D95<D97,H95>H97),360-K96,IF(AND(D95>D97,H95<H97),180-K96,IF(AND(D95>D97,H95>H97),180+K96))))) -> #DIV/0! | M96: =(IF(I96=0,G96,IF(G96=0,COS(D97*PI()/180)*I96,G96/COS(K96*PI()/180)))) -> 0 | N96: =IF(C98="","",ROUND(L96,1)) | O96: =IF(C98="","",ROUND(M96,1)) | T96: EVERY 5 MIN | V96: =(O96/P96+U96/60)/24 -> #VALUE!
A97: 38 | D97: =TRUNC(C97)+((C97-TRUNC(C97))/0.6) -> 0 | E97: =TRUNC(C98)+((C98-TRUNC(C98))/0.6) -> 0 | F97: =ROUND(((LOG10(TAN(PI()/4+(D97/2*PI()/180)))*7915.7046)-(3437.7468*((0.0816968^2*SIN(D97*PI()/180))+(0.0816968^4/3*((SIN(D97*PI()/180))^3))+(0.0816968^6/5*((SIN(D97*PI()/180))^5))))),2) -> 0 | H97: =IF(E97<0,E97+360,E97) -> 0 | Q97: =IF(O96="","",Q95+O96) | R97: =IF(O96="","",R95-O96) | W97: =IF(P96="","",W95+V96)

Sheet SEA PASSAGE - Pilot to Pilot 
A1: PIMSAT COLLEGES, INC. McArthur Highway, Bolosan District, Dagupan City COLLEGE OF MARITIME EDUCATION Bachelor of Science in Marine Transportation
A2: NAV 7 - VOYAGE PLANNING
A4: YEAR & SECTION: | C4: ='FRONT PAGE'!C28 -> 0 | Q4: MEMBERS: | U4: 1 | W4: ='FRONT PAGE'!H28 -> 0 | AA4: 3 | AB4: ='FRONT PAGE'!M28 -> 0
A5: GROUP NO: | C5: ='FRONT PAGE'!C29 -> 0 | U5: 2 | W5: ='FRONT PAGE'!H29 -> 0 | AA5: 4 | AB5: ='FRONT PAGE'!M29 -> 0
A6: Sea Passage from Pilot to Pilot
A7: NAME OF VESSEL: | C7: ='FRONT PAGE'!F21 -> 0 | P7: DEPARTURE: | R7: ='FRONT PAGE'!C25 -> 0 | U7: ARRIVAL: | X7: ='FRONT PAGE'!J25 -> 0 | Z7: VOYAGE NO: | AB7: ='FRONT PAGE'!H23 -> 0
A8: NO. | B8: NAME/ REFERENCE | C8: POSITION | N8: T/CO | O8: DIST | P8: SP'D | Q8: F'M | R8: TO | S8: ESTIMATED MINIMUM UKC / E (ENOUGH) | T8: POSITION | U8: TIME CORR. (min.) | W8: ETA/ETP (L.T.) DD/MM/YY | X8: METHODS OF OBTAINING POSITION | Y8: POSITION FIXING INTERVAL | Z8: CALL MASTER | AA8: WATCH LEVEL | AB8: CHART NO. | AC8: GARBAGE/SEWAGE DISPOSAL | AD8: REMARKS:
T9: FIX SYSTEM
D10: Lat | E10: Long | F10: 漸長緯度 | G10: 緯差 | H10: Long (360) | I10: 経差 | J10: 漸長緯度差 | L10: 針路 | M10: 距離 | T10: PRIMARY
T11: SECONDARY
A12: 0 | D12: =TRUNC(C12)+((C12-TRUNC(C12))/0.6) -> 0 | E12: =TRUNC(C13)+((C13-TRUNC(C13))/0.6) -> 0 | F12: =ROUND(((LOG10(TAN(PI()/4+(D12/2*PI()/180)))*7915.7046)-(3437.7468*((0.0816968^2*SIN(D12*PI()/180))+(0.0816968^4/3*((SIN(D12*PI()/180))^3))+(0.0816968^6/5*((SIN(D12*PI()/180))^5))))),2) -> 0 | H12: =IF(E12<0,E12+360,E12) -> 0 | Q12: 0 | T12: RADAR | W12: 45987.675
G13: =ABS(D12-D14)*60 -> 0 | I13: =ABS(H12-H14)*60 -> 0 | J13: =ABS(F12-F14) -> 0 | K13: =IF(AND(D12<D14,H12=H14),0,IF(AND(D12>D14,H12=H14),180,IF(AND(D12=D14,H12<H14),90,IF(AND(D12=D14,H12>H14),270,(ATAN(I13/J13)*180/PI()))))) -> #DIV/0! | L13: =IF(OR(K13=0,K13=90,K13=180,K13=270),K13,IF(AND(D12<D14,H12<H14),K13,IF(AND(D12<D14,H12>H14),360-K13,IF(AND(D12>D14,H12<H14),180-K13,IF(AND(D12>D14,H12>H14),180+K13))))) -> #DIV/0! | M13: =(IF(I13=0,G13,IF(G13=0,COS(D14*PI()/180)*I13,G13/COS(K13*PI()/180)))) -> 0 | N13: =IF(C15="","",ROUND(L13,1)) | O13: =IF(C15="","",ROUND(M13,1)) | T13: EVERY 5 MIN | V13: =(O13/P13+U13/60)/24 -> #VALUE!
A14: 1 | D14: =TRUNC(C14)+((C14-TRUNC(C14))/0.6) -> 0 | E14: =TRUNC(C15)+((C15-TRUNC(C15))/0.6) -> 0 | F14: =ROUND(((LOG10(TAN(PI()/4+(D14/2*PI()/180)))*7915.7046)-(3437.7468*((0.0816968^2*SIN(D14*PI()/180))+(0.0816968^4/3*((SIN(D14*PI()/180))^3))+(0.0816968^6/5*((SIN(D14*PI()/180))^5))))),2) -> 0 | H14: =IF(E14<0,E14+360,E14) -> 0 | Q14: =IF(O13="","",Q12+O13) | R14: =IF(O13="","",R12-O13) | T14: RADAR | W14: =IF(P13="","",W12+V13)
G15: =ABS(D14-D16)*60 -> 0 | I15: =ABS(H14-H16)*60 -> 0 | J15: =ABS(F14-F16) -> 0 | K15: =IF(AND(D14<D16,H14=H16),0,IF(AND(D14>D16,H14=H16),180,IF(AND(D14=D16,H14<H16),90,IF(AND(D14=D16,H14>H16),270,(ATAN(I15/J15)*180/PI()))))) -> #DIV/0! | L15: =IF(OR(K15=0,K15=90,K15=180,K15=270),K15,IF(AND(D14<D16,H14<H16),K15,IF(AND(D14<D16,H14>H16),360-K15,IF(AND(D14>D16,H14<H16),180-K15,IF(AND(D14>D16,H14>H16),180+K15))))) -> #DIV/0! | M15: =(IF(I15=0,G15,IF(G15=0,COS(D16*PI()/180)*I15,G15/COS(K15*PI()/180)))) -> 0 | N15: =IF(C17="","",ROUND(L15,1)) | O15: =IF(C17="","",ROUND(M15,1)) | T15: EVERY 5 MIN | V15: =(O15/P15+U15/60)/24 -> #VALUE!
A16: 2 | D16: =TRUNC(C16)+((C16-TRUNC(C16))/0.6) -> 0 | E16: =TRUNC(C17)+((C17-TRUNC(C17))/0.6) -> 0 | F16: =ROUND(((LOG10(TAN(PI()/4+(D16/2*PI()/180)))*7915.7046)-(3437.7468*((0.0816968^2*SIN(D16*PI()/180))+(0.0816968^4/3*((SIN(D16*PI()/180))^3))+(0.0816968^6/5*((SIN(D16*PI()/180))^5))))),2) -> 0 | H16: =IF(E16<0,E16+360,E16) -> 0 | Q16: =IF(O15="","",Q14+O15) | R16: =IF(O15="","",R14-O15) | T16: RADAR | W16: =IF(P15="","",W14+V15)
G17: =ABS(D16-D18)*60 -> 0 | I17: =ABS(H16-H18)*60 -> 0 | J17: =ABS(F16-F18) -> 0 | K17: =IF(AND(D16<D18,H16=H18),0,IF(AND(D16>D18,H16=H18),180,IF(AND(D16=D18,H16<H18),90,IF(AND(D16=D18,H16>H18),270,(ATAN(I17/J17)*180/PI()))))) -> #DIV/0! | L17: =IF(OR(K17=0,K17=90,K17=180,K17=270),K17,IF(AND(D16<D18,H16<H18),K17,IF(AND(D16<D18,H16>H18),360-K17,IF(AND(D16>D18,H16<H18),180-K17,IF(AND(D16>D18,H16>H18),180+K17))))) -> #DIV/0! | M17: =(IF(I17=0,G17,IF(G17=0,COS(D18*PI()/180)*I17,G17/COS(K17*PI()/180)))) -> 0 | N17: =IF(C19="","",ROUND(L17,1)) | O17: =IF(C19="","",ROUND(M17,1)) | T17: EVERY 5 MIN | V17: =(O17/P17+U17/60)/24 -> #VALUE!
A18: 3 | D18: =TRUNC(C18)+((C18-TRUNC(C18))/0.6) -> 0 | E18: =TRUNC(C19)+((C19-TRUNC(C19))/0.6) -> 0 | F18: =ROUND(((LOG10(TAN(PI()/4+(D18/2*PI()/180)))*7915.7046)-(3437.7468*((0.0816968^2*SIN(D18*PI()/180))+(0.0816968^4/3*((SIN(D18*PI()/180))^3))+(0.0816968^6/5*((SIN(D18*PI()/180))^5))))),2) -> 0 | H18: =IF(E18<0,E18+360,E18) -> 0 | Q18: =IF(O17="","",Q16+O17) | R18: =IF(O17="","",R16-O17) | T18: RADAR | W18: =IF(P17="","",W16+V17)
G19: =ABS(D18-D20)*60 -> 0 | I19: =ABS(H18-H20)*60 -> 0 | J19: =ABS(F18-F20) -> 0 | K19: =IF(AND(D18<D20,H18=H20),0,IF(AND(D18>D20,H18=H20),180,IF(AND(D18=D20,H18<H20),90,IF(AND(D18=D20,H18>H20),270,(ATAN(I19/J19)*180/PI()))))) -> #DIV/0! | L19: =IF(OR(K19=0,K19=90,K19=180,K19=270),K19,IF(AND(D18<D20,H18<H20),K19,IF(AND(D18<D20,H18>H20),360-K19,IF(AND(D18>D20,H18<H20),180-K19,IF(AND(D18>D20,H18>H20),180+K19))))) -> #DIV/0! | M19: =(IF(I19=0,G19,IF(G19=0,COS(D20*PI()/180)*I19,G19/COS(K19*PI()/180)))) -> 0 | N19: =IF(C21="","",ROUND(L19,1)) | O19: =IF(C21="","",ROUND(M19,1)) | T19: EVERY 5 MIN | V19: =(O19/P19+U19/60)/24 -> #VALUE!
A20: 4 | D20: =TRUNC(C20)+((C20-TRUNC(C20))/0.6) -> 0 | E20: =TRUNC(C21)+((C21-TRUNC(C21))/0.6) -> 0 | F20: =ROUND(((LOG10(TAN(PI()/4+(D20/2*PI()/180)))*7915.7046)-(3437.7468*((0.0816968^2*SIN(D20*PI()/180))+(0.0816968^4/3*((SIN(D20*PI()/180))^3))+(0.0816968^6/5*((SIN(D20*PI()/180))^5))))),2) -> 0 | H20: =IF(E20<0,E20+360,E20) -> 0 | Q20: =IF(O19="","",Q18+O19) | R20: =IF(O19="","",R18-O19) | T20: RADAR | W20: =IF(P19="","",W18+V19)
G21: =ABS(D20-D22)*60 -> 0 | I21: =ABS(H20-H22)*60 -> 0 | J21: =ABS(F20-F22) -> 0 | K21: =IF(AND(D20<D22,H20=H22),0,IF(AND(D20>D22,H20=H22),180,IF(AND(D20=D22,H20<H22),90,IF(AND(D20=D22,H20>H22),270,(ATAN(I21/J21)*180/PI()))))) -> #DIV/0! | L21: =IF(OR(K21=0,K21=90,K21=180,K21=270),K21,IF(AND(D20<D22,H20<H22),K21,IF(AND(D20<D22,H20>H22),360-K21,IF(AND(D20>D22,H20<H22),180-K21,IF(AND(D20>D22,H20>H22),180+K21))))) -> #DIV/0! | M21: =(IF(I21=0,G21,IF(G21=0,COS(D22*PI()/180)*I21,G21/COS(K21*PI()/180)))) -> 0 | N21: =IF(C23="","",ROUND(L21,1)) | O21: =IF(C23="","",ROUND(M21,1)) | T21: EVERY 5MIN. | V21: =(O21/P21+U21/60)/24 -> #VALUE!
A22: 5 | D22: =TRUNC(C22)+((C22-TRUNC(C22))/0.6) -> 0 | E22: =TRUNC(C23)+((C23-TRUNC(C23))/0.6) -> 0 | F22: =ROUND(((LOG10(TAN(PI()/4+(D22/2*PI()/180)))*7915.7046)-(3437.7468*((0.0816968^2*SIN(D22*PI()/180))+(0.0816968^4/3*((SIN(D22*PI()/180))^3))+(0.0816968^6/5*((SIN(D22*PI()/180))^5))))),2) -> 0 | H22: =IF(E22<0,E22+360,E22) -> 0 | Q22: =IF(O21="","",Q20+O21) | R22: =IF(O21="","",R20-O21) | T22: RADAR | W22: =IF(P21="","",W20+V21)
G23: =ABS(D22-D24)*60 -> 0 | I23: =ABS(H22-H24)*60 -> 0 | J23: =ABS(F22-F24) -> 0 | K23: =IF(AND(D22<D24,H22=H24),0,IF(AND(D22>D24,H22=H24),180,IF(AND(D22=D24,H22<H24),90,IF(AND(D22=D24,H22>H24),270,(ATAN(I23/J23)*180/PI()))))) -> #DIV/0! | L23: =IF(OR(K23=0,K23=90,K23=180,K23=270),K23,IF(AND(D22<D24,H22<H24),K23,IF(AND(D22<D24,H22>H24),360-K23,IF(AND(D22>D24,H22<H24),180-K23,IF(AND(D22>D24,H22>H24),180+K23))))) -> #DIV/0! | M23: =(IF(I23=0,G23,IF(G23=0,COS(D24*PI()/180)*I23,G23/COS(K23*PI()/180)))) -> 0 | N23: =IF(C25="","",ROUND(L23,1)) | O23: =IF(C25="","",ROUND(M23,1)) | T23: EVERY 5 MIN | V23: =(O23/P23+U23/60)/24 -> #VALUE!
A24: 6 | D24: =TRUNC(C24)+((C24-TRUNC(C24))/0.6) -> 0 | E24: =TRUNC(C25)+((C25-TRUNC(C25))/0.6) -> 0 | F24: =ROUND(((LOG10(TAN(PI()/4+(D24/2*PI()/180)))*7915.7046)-(3437.7468*((0.0816968^2*SIN(D24*PI()/180))+(0.0816968^4/3*((SIN(D24*PI()/180))^3))+(0.0816968^6/5*((SIN(D24*PI()/180))^5))))),2) -> 0 | H24: =IF(E24<0,E24+360,E24) -> 0 | Q24: =IF(O23="","",Q22+O23) | R24: =IF(O23="","",R22-O23) | T24: RADAR/GPS | W24: =IF(P23="","",W22+V23)
G25: =ABS(D24-D26)*60 -> 0 | I25: =ABS(H24-H26)*60 -> 0 | J25: =ABS(F24-F26) -> 0 | K25: =IF(AND(D24<D26,H24=H26),0,IF(AND(D24>D26,H24=H26),180,IF(AND(D24=D26,H24<H26),90,IF(AND(D24=D26,H24>H26),270,(ATAN(I25/J25)*180/PI()))))) -> #DIV/0! | L25: =IF(OR(K25=0,K25=90,K25=180,K25=270),K25,IF(AND(D24<D26,H24<H26),K25,IF(AND(D24<D26,H24>H26),360-K25,IF(AND(D24>D26,H24<H26),180-K25,IF(AND(D24>D26,H24>H26),180+K25))))) -> #DIV/0! | M25: =(IF(I25=0,G25,IF(G25=0,COS(D26*PI()/180)*I25,G25/COS(K25*PI()/180)))) -> 0 | N25: =IF(C27="","",ROUND(L25,1)) | O25: =IF(C27="","",ROUND(M25,1)) | T25: EVERY 5MIN. | V25: =(O25/P25+U25/60)/24 -> #VALUE!
A26: 7 | D26: =TRUNC(C26)+((C26-TRUNC(C26))/0.6) -> 0 | E26: =TRUNC(C27)+((C27-TRUNC(C27))/0.6) -> 0 | F26: =ROUND(((LOG10(TAN(PI()/4+(D26/2*PI()/180)))*7915.7046)-(3437.7468*((0.0816968^2*SIN(D26*PI()/180))+(0.0816968^4/3*((SIN(D26*PI()/180))^3))+(0.0816968^6/5*((SIN(D26*PI()/180))^5))))),2) -> 0 | H26: =IF(E26<0,E26+360,E26) -> 0 | Q26: =IF(O25="","",Q24+O25) | R26: =IF(O25="","",R24-O25) | T26: RADAR/GPS | W26: =IF(P25="","",W24+V25)
G27: =ABS(D26-D28)*60 -> 0 | I27: =ABS(H26-H28)*60 -> 0 | J27: =ABS(F26-F28) -> 0 | K27: =IF(AND(D26<D28,H26=H28),0,IF(AND(D26>D28,H26=H28),180,IF(AND(D26=D28,H26<H28),90,IF(AND(D26=D28,H26>H28),270,(ATAN(I27/J27)*180/PI()))))) -> #DIV/0! | L27: =IF(OR(K27=0,K27=90,K27=180,K27=270),K27,IF(AND(D26<D28,H26<H28),K27,IF(AND(D26<D28,H26>H28),360-K27,IF(AND(D26>D28,H26<H28),180-K27,IF(AND(D26>D28,H26>H28),180+K27))))) -> #DIV/0! | M27: =(IF(I27=0,G27,IF(G27=0,COS(D28*PI()/180)*I27,G27/COS(K27*PI()/180)))) -> 0 | N27: =IF(C29="","",ROUND(L27,1)) | O27: =IF(C29="","",ROUND(M27,1)) | T27: EVERY 5MIN. | V27: =(O27/P27+U27/60)/24 -> #VALUE!
A28: 8 | D28: =TRUNC(C28)+((C28-TRUNC(C28))/0.6) -> 0 | E28: =TRUNC(C29)+((C29-TRUNC(C29))/0.6) -> 0 | F28: =ROUND(((LOG10(TAN(PI()/4+(D28/2*PI()/180)))*7915.7046)-(3437.7468*((0.0816968^2*SIN(D28*PI()/180))+(0.0816968^4/3*((SIN(D28*PI()/180))^3))+(0.0816968^6/5*((SIN(D28*PI()/180))^5))))),2) -> 0 | H28: =IF(E28<0,E28+360,E28) -> 0 | Q28: =IF(O27="","",Q26+O27) | R28: =IF(O27="","",R26-O27) | T28: RADR/GPS | W28: =IF(P27="","",W26+V27)
G29: =ABS(D28-D30)*60 -> 0 | I29: =ABS(H28-H30)*60 -> 0 | J29: =ABS(F28-F30) -> 0 | K29: =IF(AND(D28<D30,H28=H30),0,IF(AND(D28>D30,H28=H30),180,IF(AND(D28=D30,H28<H30),90,IF(AND(D28=D30,H28>H30),270,(ATAN(I29/J29)*180/PI()))))) -> #DIV/0! | L29: =IF(OR(K29=0,K29=90,K29=180,K29=270),K29,IF(AND(D28<D30,H28<H30),K29,IF(AND(D28<D30,H28>H30),360-K29,IF(AND(D28>D30,H28<H30),180-K29,IF(AND(D28>D30,H28>H30),180+K29))))) -> #DIV/0! | M29: =(IF(I29=0,G29,IF(G29=0,COS(D30*PI()/180)*I29,G29/COS(K29*PI()/180)))) -> 0 | N29: =IF(C31="","",ROUND(L29,1)) | O29: =IF(C31="","",ROUND(M29,1)) | T29: EVERY 5MIN. | V29: =(O29/P29+U29/60)/24 -> #VALUE!
A30: 9 | D30: =TRUNC(C30)+((C30-TRUNC(C30))/0.6) -> 0 | E30: =TRUNC(C31)+((C31-TRUNC(C31))/0.6) -> 0 | F30: =ROUND(((LOG10(TAN(PI()/4+(D30/2*PI()/180)))*7915.7046)-(3437.7468*((0.0816968^2*SIN(D30*PI()/180))+(0.0816968^4/3*((SIN(D30*PI()/180))^3))+(0.0816968^6/5*((SIN(D30*PI()/180))^5))))),2) -> 0 | H30: =IF(E30<0,E30+360,E30) -> 0 | Q30: =IF(O29="","",Q28+O29) | R30: =IF(O29="","",R28-O29) | T30: RADAR/GPS | W30: =IF(P29="","",W28+V29)
G31: =ABS(D30-D32)*60 -> 0 | I31: =ABS(H30-H32)*60 -> 0 | J31: =ABS(F30-F32) -> 0 | K31: =IF(AND(D30<D32,H30=H32),0,IF(AND(D30>D32,H30=H32),180,IF(AND(D30=D32,H30<H32),90,IF(AND(D30=D32,H30>H32),270,(ATAN(I31/J31)*180/PI()))))) -> #DIV/0! | L31: =IF(OR(K31=0,K31=90,K31=180,K31=270),K31,IF(AND(D30<D32,H30<H32),K31,IF(AND(D30<D32,H30>H32),360-K31,IF(AND(D30>D32,H30<H32),180-K31,IF(AND(D30>D32,H30>H32),180+K31))))) -> #DIV/0! | M31: =(IF(I31=0,G31,IF(G31=0,COS(D32*PI()/180)*I31,G31/COS(K31*PI()/180)))) -> 0 | N31: =IF(C33="","",ROUND(L31,1)) | O31: =IF(C33="","",ROUND(M31,1)) | T31: EVERY 5 MIN | V31: =(O31/P31+U31/60)/24 -> #VALUE!
A32: 10 | D32: =TRUNC(C32)+((C32-TRUNC(C32))/0.6) -> 0 | E32: =TRUNC(C33)+((C33-TRUNC(C33))/0.6) -> 0 | F32: =ROUND(((LOG10(TAN(PI()/4+(D32/2*PI()/180)))*7915.7046)-(3437.7468*((0.0816968^2*SIN(D32*PI()/180))+(0.0816968^4/3*((SIN(D32*PI()/180))^3))+(0.0816968^6/5*((SIN(D32*PI()/180))^5))))),2) -> 0 | H32: =IF(E32<0,E32+360,E32) -> 0 | Q32: =IF(O31="","",Q30+O31) | R32: =IF(O31="","",R30-O31) | T32: RADAR/GPS | W32: =IF(P31="","",W30+V31)
G33: =ABS(D32-D34)*60 -> 0 | I33: =ABS(H32-H34)*60 -> 0 | J33: =ABS(F32-F34) -> 0 | K33: =IF(AND(D32<D34,H32=H34),0,IF(AND(D32>D34,H32=H34),180,IF(AND(D32=D34,H32<H34),90,IF(AND(D32=D34,H32>H34),270,(ATAN(I33/J33)*180/PI()))))) -> #DIV/0! | L33: =IF(OR(K33=0,K33=90,K33=180,K33=270),K33,IF(AND(D32<D34,H32<H34),K33,IF(AND(D32<D34,H32>H34),360-K33,IF(AND(D32>D34,H32<H34),180-K33,IF(AND(D32>D34,H32>H34),180+K33))))) -> #DIV/0! | M33: =(IF(I33=0,G33,IF(G33=0,COS(D34*PI()/180)*I33,G33/COS(K33*PI()/180)))) -> 0 | N33: =IF(C35="","",ROUND(L33,1)) | O33: =IF(C35="","",ROUND(M33,1)) | T33: EVERY 15 MIN | V33: =(O33/P33+U33/60)/24 -> #VALUE!
A34: 11 | D34: =TRUNC(C34)+((C34-TRUNC(C34))/0.6) -> 0 | E34: =TRUNC(C35)+((C35-TRUNC(C35))/0.6) -> 0 | F34: =ROUND(((LOG10(TAN(PI()/4+(D34/2*PI()/180)))*7915.7046)-(3437.7468*((0.0816968^2*SIN(D34*PI()/180))+(0.0816968^4/3*((SIN(D34*PI()/180))^3))+(0.0816968^6/5*((SIN(D34*PI()/180))^5))))),2) -> 0 | H34: =IF(E34<0,E34+360,E34) -> 0 | Q34: =IF(O33="","",Q32+O33) | R34: =IF(O33="","",R32-O33) | T34: RADAR/GPS | W34: =IF(P33="","",W32+V33)
G35: =ABS(D34-D36)*60 -> 0 | I35: =ABS(H34-H36)*60 -> 0 | J35: =ABS(F34-F36) -> 0 | K35: =IF(AND(D34<D36,H34=H36),0,IF(AND(D34>D36,H34=H36),180,IF(AND(D34=D36,H34<H36),90,IF(AND(D34=D36,H34>H36),270,(ATAN(I35/J35)*180/PI()))))) -> #DIV/0! | L35: =IF(OR(K35=0,K35=90,K35=180,K35=270),K35,IF(AND(D34<D36,H34<H36),K35,IF(AND(D34<D36,H34>H36),360-K35,IF(AND(D34>D36,H34<H36),180-K35,IF(AND(D34>D36,H34>H36),180+K35))))) -> #DIV/0! | M35: =(IF(I35=0,G35,IF(G35=0,COS(D36*PI()/180)*I35,G35/COS(K35*PI()/180)))) -> 0 | N35: =IF(C37="","",ROUND(L35,1)) | O35: =IF(C37="","",ROUND(M35,1)) | T35: EVERY 15 MIN | V35: =(O35/P35+U35/60)/24 -> #VALUE!
A36: 12 | D36: =TRUNC(C36)+((C36-TRUNC(C36))/0.6) -> 0 | E36: =TRUNC(C37)+((C37-TRUNC(C37))/0.6) -> 0 | F36: =ROUND(((LOG10(TAN(PI()/4+(D36/2*PI()/180)))*7915.7046)-(3437.7468*((0.0816968^2*SIN(D36*PI()/180))+(0.0816968^4/3*((SIN(D36*PI()/180))^3))+(0.0816968^6/5*((SIN(D36*PI()/180))^5))))),2) -> 0 | H36: =IF(E36<0,E36+360,E36) -> 0 | Q36: =IF(O35="","",Q34+O35) | R36: =IF(O35="","",R34-O35) | T36: RADAR/GPS | W36: =IF(P35="","",W34+V35)
G37: =ABS(D36-D38)*60 -> 0 | I37: =ABS(H36-H38)*60 -> 0 | J37: =ABS(F36-F38) -> 0 | K37: =IF(AND(D36<D38,H36=H38),0,IF(AND(D36>D38,H36=H38),180,IF(AND(D36=D38,H36<H38),90,IF(AND(D36=D38,H36>H38),270,(ATAN(I37/J37)*180/PI()))))) -> #DIV/0! | L37: =IF(OR(K37=0,K37=90,K37=180,K37=270),K37,IF(AND(D36<D38,H36<H38),K37,IF(AND(D36<D38,H36>H38),360-K37,IF(AND(D36>D38,H36<H38),180-K37,IF(AND(D36>D38,H36>H38),180+K37))))) -> #DIV/0! | M37: =(IF(I37=0,G37,IF(G37=0,COS(D38*PI()/180)*I37,G37/COS(K37*PI()/180)))) -> 0 | N37: =IF(C39="","",ROUND(L37,1)) | O37: =IF(C39="","",ROUND(M37,1)) | T37: EVERY 30 MIN | V37: =(O37/P37+U37/60)/24 -> #VALUE!
A38: 13 | D38: =TRUNC(C38)+((C38-TRUNC(C38))/0.6) -> 0 | E38: =TRUNC(C39)+((C39-TRUNC(C39))/0.6) -> 0 | F38: =ROUND(((LOG10(TAN(PI()/4+(D38/2*PI()/180)))*7915.7046)-(3437.7468*((0.0816968^2*SIN(D38*PI()/180))+(0.0816968^4/3*((SIN(D38*PI()/180))^3))+(0.0816968^6/5*((SIN(D38*PI()/180))^5))))),2) -> 0 | H38: =IF(E38<0,E38+360,E38) -> 0 | Q38: =IF(O37="","",Q36+O37) | R38: =IF(O37="","",R36-O37) | T38: RADAR/GPS | W38: =IF(P37="","",W36+V37)
G39: =ABS(D38-D40)*60 -> 0 | I39: =ABS(H38-H40)*60 -> 0 | J39: =ABS(F38-F40) -> 0 | K39: =IF(AND(D38<D40,H38=H40),0,IF(AND(D38>D40,H38=H40),180,IF(AND(D38=D40,H38<H40),90,IF(AND(D38=D40,H38>H40),270,(ATAN(I39/J39)*180/PI()))))) -> #DIV/0! | L39: =IF(OR(K39=0,K39=90,K39=180,K39=270),K39,IF(AND(D38<D40,H38<H40),K39,IF(AND(D38<D40,H38>H40),360-K39,IF(AND(D38>D40,H38<H40),180-K39,IF(AND(D38>D40,H38>H40),180+K39))))) -> #DIV/0! | M39: =(IF(I39=0,G39,IF(G39=0,COS(D40*PI()/180)*I39,G39/COS(K39*PI()/180)))) -> 0 | N39: =IF(C41="","",ROUND(L39,1)) | O39: =IF(C41="","",ROUND(M39,1)) | T39: EVERY 30 MIN | V39: =(O39/P39+U39/60)/24 -> #VALUE!
A40: 14 | D40: =TRUNC(C40)+((C40-TRUNC(C40))/0.6) -> 0 | E40: =TRUNC(C41)+((C41-TRUNC(C41))/0.6) -> 0 | F40: =ROUND(((LOG10(TAN(PI()/4+(D40/2*PI()/180)))*7915.7046)-(3437.7468*((0.0816968^2*SIN(D40*PI()/180))+(0.0816968^4/3*((SIN(D40*PI()/180))^3))+(0.0816968^6/5*((SIN(D40*PI()/180))^5))))),2) -> 0 | H40: =IF(E40<0,E40+360,E40) -> 0 | Q40: =IF(O39="","",Q38+O39) | R40: =IF(O39="","",R38-O39) | T40: GPS | W40: =IF(P39="","",W38+V39)
G41: =ABS(D40-D42)*60 -> 0 | I41: =ABS(H40-H42)*60 -> 0 | J41: =ABS(F40-F42) -> 0 | K41: =IF(AND(D40<D42,H40=H42),0,IF(AND(D40>D42,H40=H42),180,IF(AND(D40=D42,H40<H42),90,IF(AND(D40=D42,H40>H42),270,(ATAN(I41/J41)*180/PI()))))) -> #DIV/0! | L41: =IF(OR(K41=0,K41=90,K41=180,K41=270),K41,IF(AND(D40<D42,H40<H42),K41,IF(AND(D40<D42,H40>H42),360-K41,IF(AND(D40>D42,H40<H42),180-K41,IF(AND(D40>D42,H40>H42),180+K41))))) -> #DIV/0! | M41: =(IF(I41=0,G41,IF(G41=0,COS(D42*PI()/180)*I41,G41/COS(K41*PI()/180)))) -> 0 | N41: =IF(C43="","",ROUND(L41,1)) | O41: =IF(C43="","",ROUND(M41,1)) | T41: EVERY 1 HR. | V41: =(O41/P41+U41/60)/24 -> #VALUE!
A42: 15 | D42: =TRUNC(C42)+((C42-TRUNC(C42))/0.6) -> 0 | E42: =TRUNC(C43)+((C43-TRUNC(C43))/0.6) -> 0 | F42: =ROUND(((LOG10(TAN(PI()/4+(D42/2*PI()/180)))*7915.7046)-(3437.7468*((0.0816968^2*SIN(D42*PI()/180))+(0.0816968^4/3*((SIN(D42*PI()/180))^3))+(0.0816968^6/5*((SIN(D42*PI()/180))^5))))),2) -> 0 | H42: =IF(E42<0,E42+360,E42) -> 0 | Q42: =IF(O41="","",Q40+O41) | R42: =IF(O41="","",R40-O41) | T42: GPS | W42: =IF(P41="","",W40+V41)
G43: =ABS(D42-D44)*60 -> 0 | I43: =ABS(H42-H44)*60 -> 0 | J43: =ABS(F42-F44) -> 0 | K43: =IF(AND(D42<D44,H42=H44),0,IF(AND(D42>D44,H42=H44),180,IF(AND(D42=D44,H42<H44),90,IF(AND(D42=D44,H42>H44),270,(ATAN(I43/J43)*180/PI()))))) -> #DIV/0! | L43: =IF(OR(K43=0,K43=90,K43=180,K43=270),K43,IF(AND(D42<D44,H42<H44),K43,IF(AND(D42<D44,H42>H44),360-K43,IF(AND(D42>D44,H42<H44),180-K43,IF(AND(D42>D44,H42>H44),180+K43))))) -> #DIV/0! | M43: =(IF(I43=0,G43,IF(G43=0,COS(D44*PI()/180)*I43,G43/COS(K43*PI()/180)))) -> 0 | N43: =IF(C45="","",ROUND(L43,1)) | O43: =IF(C45="","",ROUND(M43,1)) | T43: EVERY 1 HR. | V43: =(O43/P43+U43/60)/24 -> #VALUE!
A44: 16 | D44: =TRUNC(C44)+((C44-TRUNC(C44))/0.6) -> 0 | E44: =TRUNC(C45)+((C45-TRUNC(C45))/0.6) -> 0 | F44: =ROUND(((LOG10(TAN(PI()/4+(D44/2*PI()/180)))*7915.7046)-(3437.7468*((0.0816968^2*SIN(D44*PI()/180))+(0.0816968^4/3*((SIN(D44*PI()/180))^3))+(0.0816968^6/5*((SIN(D44*PI()/180))^5))))),2) -> 0 | H44: =IF(E44<0,E44+360,E44) -> 0 | Q44: =IF(O43="","",Q42+O43) | R44: =IF(O43="","",R42-O43) | T44: RADAR/GPS | W44: =IF(P43="","",W42+V43)
G45: =ABS(D44-D46)*60 -> 0 | I45: =ABS(H44-H46)*60 -> 0 | J45: =ABS(F44-F46) -> 0 | K45: =IF(AND(D44<D46,H44=H46),0,IF(AND(D44>D46,H44=H46),180,IF(AND(D44=D46,H44<H46),90,IF(AND(D44=D46,H44>H46),270,(ATAN(I45/J45)*180/PI()))))) -> #DIV/0! | L45: =IF(OR(K45=0,K45=90,K45=180,K45=270),K45,IF(AND(D44<D46,H44<H46),K45,IF(AND(D44<D46,H44>H46),360-K45,IF(AND(D44>D46,H44<H46),180-K45,IF(AND(D44>D46,H44>H46),180+K45))))) -> #DIV/0! | M45: =(IF(I45=0,G45,IF(G45=0,COS(D46*PI()/180)*I45,G45/COS(K45*PI()/180)))) -> 0 | N45: =IF(C47="","",ROUND(L45,1)) | O45: =IF(C47="","",ROUND(M45,1)) | T45: EVERY 30 MIN | V45: =(O45/P45+U45/60)/24 -> #VALUE!
A46: 17 | D46: =TRUNC(C46)+((C46-TRUNC(C46))/0.6) -> 0 | E46: =TRUNC(C47)+((C47-TRUNC(C47))/0.6) -> 0 | F46: =ROUND(((LOG10(TAN(PI()/4+(D46/2*PI()/180)))*7915.7046)-(3437.7468*((0.0816968^2*SIN(D46*PI()/180))+(0.0816968^4/3*((SIN(D46*PI()/180))^3))+(0.0816968^6/5*((SIN(D46*PI()/180))^5))))),2) -> 0 | H46: =IF(E46<0,E46+360,E46) -> 0 | Q46: =IF(O45="","",Q44+O45) | R46: =IF(O45="","",R44-O45) | T46: RADAR/GPS | W46: =IF(P45="","",W44+V45)
G47: =ABS(D46-D48)*60 -> 0 | I47: =ABS(H46-H48)*60 -> 0 | J47: =ABS(F46-F48) -> 0 | K47: =IF(AND(D46<D48,H46=H48),0,IF(AND(D46>D48,H46=H48),180,IF(AND(D46=D48,H46<H48),90,IF(AND(D46=D48,H46>H48),270,(ATAN(I47/J47)*180/PI()))))) -> #DIV/0! | L47: =IF(OR(K47=0,K47=90,K47=180,K47=270),K47,IF(AND(D46<D48,H46<H48),K47,IF(AND(D46<D48,H46>H48),360-K47,IF(AND(D46>D48,H46<H48),180-K47,IF(AND(D46>D48,H46>H48),180+K47))))) -> #DIV/0! | M47: =(IF(I47=0,G47,IF(G47=0,COS(D48*PI()/180)*I47,G47/COS(K47*PI()/180)))) -> 0 | N47: =IF(C49="","",ROUND(L47,1)) | O47: =IF(C49="","",ROUND(M47,1)) | T47: EVERY 15 MIN | V47: =(O47/P47+U47/60)/24 -> #VALUE!
A48: 18 | D48: =TRUNC(C48)+((C48-TRUNC(C48))/0.6) -> 0 | E48: =TRUNC(C49)+((C49-TRUNC(C49))/0.6) -> 0 | F48: =ROUND(((LOG10(TAN(PI()/4+(D48/2*PI()/180)))*7915.7046)-(3437.7468*((0.0816968^2*SIN(D48*PI()/180))+(0.0816968^4/3*((SIN(D48*PI()/180))^3))+(0.0816968^6/5*((SIN(D48*PI()/180))^5))))),2) -> 0 | H48: =IF(E48<0,E48+360,E48) -> 0 | Q48: =IF(O47="","",Q46+O47) | R48: =IF(O47="","",R46-O47) | T48: RADAR/GPS | W48: =IF(P47="","",W46+V47)
G49: =ABS(D48-D50)*60 -> 0 | I49: =ABS(H48-H50)*60 -> 0 | J49: =ABS(F48-F50) -> 0 | K49: =IF(AND(D48<D50,H48=H50),0,IF(AND(D48>D50,H48=H50),180,IF(AND(D48=D50,H48<H50),90,IF(AND(D48=D50,H48>H50),270,(ATAN(I49/J49)*180/PI()))))) -> #DIV/0! | L49: =IF(OR(K49=0,K49=90,K49=180,K49=270),K49,IF(AND(D48<D50,H48<H50),K49,IF(AND(D48<D50,H48>H50),360-K49,IF(AND(D48>D50,H48<H50),180-K49,IF(AND(D48>D50,H48>H50),180+K49))))) -> #DIV/0! | M49: =(IF(I49=0,G49,IF(G49=0,COS(D50*PI()/180)*I49,G49/COS(K49*PI()/180)))) -> 0 | N49: =IF(C51="","",ROUND(L49,1)) | O49: =IF(C51="","",ROUND(M49,1)) | T49: EVERY 5 MIN | V49: =(O49/P49+U49/60)/24 -> #VALUE!
A50: 19 | D50: =TRUNC(C50)+((C50-TRUNC(C50))/0.6) -> 0 | E50: =TRUNC(C51)+((C51-TRUNC(C51))/0.6) -> 0 | F50: =ROUND(((LOG10(TAN(PI()/4+(D50/2*PI()/180)))*7915.7046)-(3437.7468*((0.0816968^2*SIN(D50*PI()/180))+(0.0816968^4/3*((SIN(D50*PI()/180))^3))+(0.0816968^6/5*((SIN(D50*PI()/180))^5))))),2) -> 0 | H50: =IF(E50<0,E50+360,E50) -> 0 | Q50: =IF(O49="","",Q48+O49) | R50: =IF(O49="","",R48-O49) | W50: =IF(P49="","",W48+V49)
A52: PASSAGE PLAN | B52: NAGOYA BERTH (KINJO) | C52: 35.03 | P52: FROM: | Q52: =Q1 -> 0 | T52: =T1 -> 0
C53: 136.51 | P53: TO : | Q53: =Q2 -> 0 | T53: =T2 -> 0
A54: =#REF! -> #REF! | AD54: =#REF! -> #REF!
A55: NO. | B55: NAME/ REFERENCE | C55: POSITION | N55: T/CO | O55: DIST | P55: SP'D | Q55: F'M | R55: TO | S55: ESTIMATED MINIMUM UKC / E (ENOUGH) | T55: POSITION | U55: TIME CORR. (min.) | W55: ETA/ETP (L.T.) DD/MM/YY | X55: METHODS OF OBTAINING POSITION | Y55: POSITION FIXING INTERVAL | Z55: CALL MASTER | AA55: WATCH LEVEL | AB55: CHART NO. | AC55: GARBAGE/SEWAGE DISPOSAL | AD55: REMARKS:
T56: FIX SYSTEM
D57: Lat | E57: Long | F57: 漸長緯度 | G57: 緯差 | H57: Long (360) | I57: 経差 | J57: 漸長緯度差 | L57: 針路 | M57: 距離 | T57: PRIMARY
T58: SECONDARY
A59: 19 | B59: =B50 -> 0 | C59: =C50 -> 0 | D59: =TRUNC(C59)+((C59-TRUNC(C59))/0.6) -> 0 | E59: =TRUNC(C60)+((C60-TRUNC(C60))/0.6) -> 0 | F59: =ROUND(((LOG10(TAN(PI()/4+(D59/2*PI()/180)))*7915.7046)-(3437.7468*((0.0816968^2*SIN(D59*PI()/180))+(0.0816968^4/3*((SIN(D59*PI()/180))^3))+(0.0816968^6/5*((SIN(D59*PI()/180))^5))))),2) -> 0 | H59: =IF(E59<0,E59+360,E59) -> 0 | N59: =N49 | O59: =O49 | P59: =P49 -> 0 | Q59: =Q50 | R59: =R50 | T59: RADAR | W59: =W50
C60: =C51 -> 0 | G60: =ABS(D59-D61)*60 -> 0 | I60: =ABS(H59-H61)*60 -> 0 | J60: =ABS(F59-F61) -> 0 | K60: =IF(AND(D59<D61,H59=H61),0,IF(AND(D59>D61,H59=H61),180,IF(AND(D59=D61,H59<H61),90,IF(AND(D59=D61,H59>H61),270,(ATAN(I60/J60)*180/PI()))))) -> #DIV/0! | L60: =IF(OR(K60=0,K60=90,K60=180,K60=270),K60,IF(AND(D59<D61,H59<H61),K60,IF(AND(D59<D61,H59>H61),360-K60,IF(AND(D59>D61,H59<H61),180-K60,IF(AND(D59>D61,H59>H61),180+K60))))) -> #DIV/0! | M60: =(IF(I60=0,G60,IF(G60=0,COS(D61*PI()/180)*I60,G60/COS(K60*PI()/180)))) -> 0 | N60: =IF(C62="","",ROUND(L60,1)) | O60: =IF(C62="","",ROUND(M60,1)) | T60: EVERY 5 MIN | V60: =(O60/P60+U60/60)/24 -> #VALUE!
A61: 20 | D61: =TRUNC(C61)+((C61-TRUNC(C61))/0.6) -> 0 | E61: =TRUNC(C62)+((C62-TRUNC(C62))/0.6) -> 0 | F61: =ROUND(((LOG10(TAN(PI()/4+(D61/2*PI()/180)))*7915.7046)-(3437.7468*((0.0816968^2*SIN(D61*PI()/180))+(0.0816968^4/3*((SIN(D61*PI()/180))^3))+(0.0816968^6/5*((SIN(D61*PI()/180))^5))))),2) -> 0 | H61: =IF(E61<0,E61+360,E61) -> 0 | Q61: =IF(O60="","",Q59+O60) | R61: =IF(O60="","",R59-O60) | T61: RADAR | W61: =IF(P60="","",W59+V60)
G62: =ABS(D61-D63)*60 -> 0 | I62: =ABS(H61-H63)*60 -> 0 | J62: =ABS(F61-F63) -> 0 | K62: =IF(AND(D61<D63,H61=H63),0,IF(AND(D61>D63,H61=H63),180,IF(AND(D61=D63,H61<H63),90,IF(AND(D61=D63,H61>H63),270,(ATAN(I62/J62)*180/PI()))))) -> #DIV/0! | L62: =IF(OR(K62=0,K62=90,K62=180,K62=270),K62,IF(AND(D61<D63,H61<H63),K62,IF(AND(D61<D63,H61>H63),360-K62,IF(AND(D61>D63,H61<H63),180-K62,IF(AND(D61>D63,H61>H63),180+K62))))) -> #DIV/0! | M62: =(IF(I62=0,G62,IF(G62=0,COS(D63*PI()/180)*I62,G62/COS(K62*PI()/180)))) -> 0 | N62: =IF(C64="","",ROUND(L62,1)) | O62: =IF(C64="","",ROUND(M62,1)) | T62: EVERY 5 MIN | V62: =(O62/P62+U62/60)/24 -> #VALUE!
A63: 21 | D63: =TRUNC(C63)+((C63-TRUNC(C63))/0.6) -> 0 | E63: =TRUNC(C64)+((C64-TRUNC(C64))/0.6) -> 0 | F63: =ROUND(((LOG10(TAN(PI()/4+(D63/2*PI()/180)))*7915.7046)-(3437.7468*((0.0816968^2*SIN(D63*PI()/180))+(0.0816968^4/3*((SIN(D63*PI()/180))^3))+(0.0816968^6/5*((SIN(D63*PI()/180))^5))))),2) -> 0 | H63: =IF(E63<0,E63+360,E63) -> 0 | Q63: =IF(O62="","",Q61+O62) | R63: =IF(O62="","",R61-O62) | T63: RADAR | W63: =IF(P62="","",W61+V62)
G64: =ABS(D63-D65)*60 -> 0 | I64: =ABS(H63-H65)*60 -> 0 | J64: =ABS(F63-F65) -> 0 | K64: =IF(AND(D63<D65,H63=H65),0,IF(AND(D63>D65,H63=H65),180,IF(AND(D63=D65,H63<H65),90,IF(AND(D63=D65,H63>H65),270,(ATAN(I64/J64)*180/PI()))))) -> #DIV/0! | L64: =IF(OR(K64=0,K64=90,K64=180,K64=270),K64,IF(AND(D63<D65,H63<H65),K64,IF(AND(D63<D65,H63>H65),360-K64,IF(AND(D63>D65,H63<H65),180-K64,IF(AND(D63>D65,H63>H65),180+K64))))) -> #DIV/0! | M64: =(IF(I64=0,G64,IF(G64=0,COS(D65*PI()/180)*I64,G64/COS(K64*PI()/180)))) -> 0 | N64: =IF(C66="","",ROUND(L64,1)) | O64: =IF(C66="","",ROUND(M64,1)) | T64: EVERY 5 MIN | V64: =(O64/P64+U64/60)/24 -> #VALUE!
A65: 22 | D65: =TRUNC(C65)+((C65-TRUNC(C65))/0.6) -> 0 | E65: =TRUNC(C66)+((C66-TRUNC(C66))/0.6) -> 0 | F65: =ROUND(((LOG10(TAN(PI()/4+(D65/2*PI()/180)))*7915.7046)-(3437.7468*((0.0816968^2*SIN(D65*PI()/180))+(0.0816968^4/3*((SIN(D65*PI()/180))^3))+(0.0816968^6/5*((SIN(D65*PI()/180))^5))))),2) -> 0 | H65: =IF(E65<0,E65+360,E65) -> 0 | Q65: =IF(O64="","",Q63+O64) | R65: =IF(O64="","",R63-O64) | T65: RADAR | W65: =IF(P64="","",W63+V64)
G66: =ABS(D65-D67)*60 -> 0 | I66: =ABS(H65-H67)*60 -> 0 | J66: =ABS(F65-F67) -> 0 | K66: =IF(AND(D65<D67,H65=H67),0,IF(AND(D65>D67,H65=H67),180,IF(AND(D65=D67,H65<H67),90,IF(AND(D65=D67,H65>H67),270,(ATAN(I66/J66)*180/PI()))))) -> #DIV/0! | L66: =IF(OR(K66=0,K66=90,K66=180,K66=270),K66,IF(AND(D65<D67,H65<H67),K66,IF(AND(D65<D67,H65>H67),360-K66,IF(AND(D65>D67,H65<H67),180-K66,IF(AND(D65>D67,H65>H67),180+K66))))) -> #DIV/0! | M66: =(IF(I66=0,G66,IF(G66=0,COS(D67*PI()/180)*I66,G66/COS(K66*PI()/180)))) -> 0 | N66: =IF(C68="","",ROUND(L66,1)) | O66: =IF(C68="","",ROUND(M66,1)) | T66: EVERY 5 MIN | V66: =(O66/P66+U66/60)/24 -> #VALUE!
A67: 23 | D67: =TRUNC(C67)+((C67-TRUNC(C67))/0.6) -> 0 | E67: =TRUNC(C68)+((C68-TRUNC(C68))/0.6) -> 0 | F67: =ROUND(((LOG10(TAN(PI()/4+(D67/2*PI()/180)))*7915.7046)-(3437.7468*((0.0816968^2*SIN(D67*PI()/180))+(0.0816968^4/3*((SIN(D67*PI()/180))^3))+(0.0816968^6/5*((SIN(D67*PI()/180))^5))))),2) -> 0 | H67: =IF(E67<0,E67+360,E67) -> 0 | Q67: =IF(O66="","",Q65+O66) | R67: =IF(O66="","",R65-O66) | T67: RADAR | W67: =IF(P66="","",W65+V66)
G68: =ABS(D67-D69)*60 -> 0 | I68: =ABS(H67-H69)*60 -> 0 | J68: =ABS(F67-F69) -> 0 | K68: =IF(AND(D67<D69,H67=H69),0,IF(AND(D67>D69,H67=H69),180,IF(AND(D67=D69,H67<H69),90,IF(AND(D67=D69,H67>H69),270,(ATAN(I68/J68)*180/PI()))))) -> #DIV/0! | L68: =IF(OR(K68=0,K68=90,K68=180,K68=270),K68,IF(AND(D67<D69,H67<H69),K68,IF(AND(D67<D69,H67>H69),360-K68,IF(AND(D67>D69,H67<H69),180-K68,IF(AND(D67>D69,H67>H69),180+K68))))) -> #DIV/0! | M68: =(IF(I68=0,G68,IF(G68=0,COS(D69*PI()/180)*I68,G68/COS(K68*PI()/180)))) -> 0 | N68: =IF(C70="","",ROUND(L68,1)) | O68: =IF(C70="","",ROUND(M68,1)) | T68: EVERY 5MIN. | V68: =(O68/P68+U68/60)/24 -> #VALUE!
A69: 24 | D69: =TRUNC(C69)+((C69-TRUNC(C69))/0.6) -> 0 | E69: =TRUNC(C70)+((C70-TRUNC(C70))/0.6) -> 0 | F69: =ROUND(((LOG10(TAN(PI()/4+(D69/2*PI()/180)))*7915.7046)-(3437.7468*((0.0816968^2*SIN(D69*PI()/180))+(0.0816968^4/3*((SIN(D69*PI()/180))^3))+(0.0816968^6/5*((SIN(D69*PI()/180))^5))))),2) -> 0 | H69: =IF(E69<0,E69+360,E69) -> 0 | Q69: =IF(O68="","",Q67+O68) | R69: =IF(O68="","",R67-O68) | T69: RADAR | W69: =IF(P68="","",W67+V68)
G70: =ABS(D69-D71)*60 -> 0 | I70: =ABS(H69-H71)*60 -> 0 | J70: =ABS(F69-F71) -> 0 | K70: =IF(AND(D69<D71,H69=H71),0,IF(AND(D69>D71,H69=H71),180,IF(AND(D69=D71,H69<H71),90,IF(AND(D69=D71,H69>H71),270,(ATAN(I70/J70)*180/PI()))))) -> #DIV/0! | L70: =IF(OR(K70=0,K70=90,K70=180,K70=270),K70,IF(AND(D69<D71,H69<H71),K70,IF(AND(D69<D71,H69>H71),360-K70,IF(AND(D69>D71,H69<H71),180-K70,IF(AND(D69>D71,H69>H71),180+K70))))) -> #DIV/0! | M70: =(IF(I70=0,G70,IF(G70=0,COS(D71*PI()/180)*I70,G70/COS(K70*PI()/180)))) -> 0 | N70: =IF(C72="","",ROUND(L70,1)) | O70: =IF(C72="","",ROUND(M70,1)) | T70: EVERY 5 MIN | V70: =(O70/P70+U70/60)/24 -> #VALUE!
A71: 25 | D71: =TRUNC(C71)+((C71-TRUNC(C71))/0.6) -> 0 | E71: =TRUNC(C72)+((C72-TRUNC(C72))/0.6) -> 0 | F71: =ROUND(((LOG10(TAN(PI()/4+(D71/2*PI()/180)))*7915.7046)-(3437.7468*((0.0816968^2*SIN(D71*PI()/180))+(0.0816968^4/3*((SIN(D71*PI()/180))^3))+(0.0816968^6/5*((SIN(D71*PI()/180))^5))))),2) -> 0 | H71: =IF(E71<0,E71+360,E71) -> 0 | Q71: =IF(O70="","",Q69+O70) | R71: =IF(O70="","",R69-O70) | T71: RADAR/GPS | W71: =IF(P70="","",W69+V70)
G72: =ABS(D71-D73)*60 -> 0 | I72: =ABS(H71-H73)*60 -> 0 | J72: =ABS(F71-F73) -> 0 | K72: =IF(AND(D71<D73,H71=H73),0,IF(AND(D71>D73,H71=H73),180,IF(AND(D71=D73,H71<H73),90,IF(AND(D71=D73,H71>H73),270,(ATAN(I72/J72)*180/PI()))))) -> #DIV/0! | L72: =IF(OR(K72=0,K72=90,K72=180,K72=270),K72,IF(AND(D71<D73,H71<H73),K72,IF(AND(D71<D73,H71>H73),360-K72,IF(AND(D71>D73,H71<H73),180-K72,IF(AND(D71>D73,H71>H73),180+K72))))) -> #DIV/0! | M72: =(IF(I72=0,G72,IF(G72=0,COS(D73*PI()/180)*I72,G72/COS(K72*PI()/180)))) -> 0 | N72: =IF(C74="","",ROUND(L72,1)) | O72: =IF(C74="","",ROUND(M72,1)) | T72: EVERY 5MIN. | V72: =(O72/P72+U72/60)/24 -> #VALUE!
A73: 26 | D73: =TRUNC(C73)+((C73-TRUNC(C73))/0.6) -> 0 | E73: =TRUNC(C74)+((C74-TRUNC(C74))/0.6) -> 0 | F73: =ROUND(((LOG10(TAN(PI()/4+(D73/2*PI()/180)))*7915.7046)-(3437.7468*((0.0816968^2*SIN(D73*PI()/180))+(0.0816968^4/3*((SIN(D73*PI()/180))^3))+(0.0816968^6/5*((SIN(D73*PI()/180))^5))))),2) -> 0 | H73: =IF(E73<0,E73+360,E73) -> 0 | Q73: =IF(O72="","",Q71+O72) | R73: =IF(O72="","",R71-O72) | T73: RADAR/GPS | W73: =IF(P72="","",W71+V72)
G74: =ABS(D73-D75)*60 -> 0 | I74: =ABS(H73-H75)*60 -> 0 | J74: =ABS(F73-F75) -> 0 | K74: =IF(AND(D73<D75,H73=H75),0,IF(AND(D73>D75,H73=H75),180,IF(AND(D73=D75,H73<H75),90,IF(AND(D73=D75,H73>H75),270,(ATAN(I74/J74)*180/PI()))))) -> #DIV/0! | L74: =IF(OR(K74=0,K74=90,K74=180,K74=270),K74,IF(AND(D73<D75,H73<H75),K74,IF(AND(D73<D75,H73>H75),360-K74,IF(AND(D73>D75,H73<H75),180-K74,IF(AND(D73>D75,H73>H75),180+K74))))) -> #DIV/0! | M74: =(IF(I74=0,G74,IF(G74=0,COS(D75*PI()/180)*I74,G74/COS(K74*PI()/180)))) -> 0 | N74: =IF(C76="","",ROUND(L74,1)) | O74: =IF(C76="","",ROUND(M74,1)) | T74: EVERY 5MIN. | V74: =(O74/P74+U74/60)/24 -> #VALUE!
A75: 27 | D75: =TRUNC(C75)+((C75-TRUNC(C75))/0.6) -> 0 | E75: =TRUNC(C76)+((C76-TRUNC(C76))/0.6) -> 0 | F75: =ROUND(((LOG10(TAN(PI()/4+(D75/2*PI()/180)))*7915.7046)-(3437.7468*((0.0816968^2*SIN(D75*PI()/180))+(0.0816968^4/3*((SIN(D75*PI()/180))^3))+(0.0816968^6/5*((SIN(D75*PI()/180))^5))))),2) -> 0 | H75: =IF(E75<0,E75+360,E75) -> 0 | Q75: =IF(O74="","",Q73+O74) | R75: =IF(O74="","",R73-O74) | T75: RADR/GPS | W75: =IF(P74="","",W73+V74)
G76: =ABS(D75-D77)*60 -> 0 | I76: =ABS(H75-H77)*60 -> 0 | J76: =ABS(F75-F77) -> 0 | K76: =IF(AND(D75<D77,H75=H77),0,IF(AND(D75>D77,H75=H77),180,IF(AND(D75=D77,H75<H77),90,IF(AND(D75=D77,H75>H77),270,(ATAN(I76/J76)*180/PI()))))) -> #DIV/0! | L76: =IF(OR(K76=0,K76=90,K76=180,K76=270),K76,IF(AND(D75<D77,H75<H77),K76,IF(AND(D75<D77,H75>H77),360-K76,IF(AND(D75>D77,H75<H77),180-K76,IF(AND(D75>D77,H75>H77),180+K76))))) -> #DIV/0! | M76: =(IF(I76=0,G76,IF(G76=0,COS(D77*PI()/180)*I76,G76/COS(K76*PI()/180)))) -> 0 | N76: =IF(C78="","",ROUND(L76,1)) | O76: =IF(C78="","",ROUND(M76,1)) | T76: EVERY 5MIN. | V76: =(O76/P76+U76/60)/24 -> #VALUE!
A77: 28 | D77: =TRUNC(C77)+((C77-TRUNC(C77))/0.6) -> 0 | E77: =TRUNC(C78)+((C78-TRUNC(C78))/0.6) -> 0 | F77: =ROUND(((LOG10(TAN(PI()/4+(D77/2*PI()/180)))*7915.7046)-(3437.7468*((0.0816968^2*SIN(D77*PI()/180))+(0.0816968^4/3*((SIN(D77*PI()/180))^3))+(0.0816968^6/5*((SIN(D77*PI()/180))^5))))),2) -> 0 | H77: =IF(E77<0,E77+360,E77) -> 0 | Q77: =IF(O76="","",Q75+O76) | R77: =IF(O76="","",R75-O76) | T77: RADAR/GPS | W77: =IF(P76="","",W75+V76)
G78: =ABS(D77-D79)*60 -> 0 | I78: =ABS(H77-H79)*60 -> 0 | J78: =ABS(F77-F79) -> 0 | K78: =IF(AND(D77<D79,H77=H79),0,IF(AND(D77>D79,H77=H79),180,IF(AND(D77=D79,H77<H79),90,IF(AND(D77=D79,H77>H79),270,(ATAN(I78/J78)*180/PI()))))) -> #DIV/0! | L78: =IF(OR(K78=0,K78=90,K78=180,K78=270),K78,IF(AND(D77<D79,H77<H79),K78,IF(AND(D77<D79,H77>H79),360-K78,IF(AND(D77>D79,H77<H79),180-K78,IF(AND(D77>D79,H77>H79),180+K78))))) -> #DIV/0! | M78: =(IF(I78=0,G78,IF(G78=0,COS(D79*PI()/180)*I78,G78/COS(K78*PI()/180)))) -> 0 | N78: =IF(C80="","",ROUND(L78,1)) | O78: =IF(C80="","",ROUND(M78,1)) | T78: EVERY 5 MIN | V78: =(O78/P78+U78/60)/24 -> #VALUE!
A79: 29 | D79: =TRUNC(C79)+((C79-TRUNC(C79))/0.6) -> 0 | E79: =TRUNC(C80)+((C80-TRUNC(C80))/0.6) -> 0 | F79: =ROUND(((LOG10(TAN(PI()/4+(D79/2*PI()/180)))*7915.7046)-(3437.7468*((0.0816968^2*SIN(D79*PI()/180))+(0.0816968^4/3*((SIN(D79*PI()/180))^3))+(0.0816968^6/5*((SIN(D79*PI()/180))^5))))),2) -> 0 | H79: =IF(E79<0,E79+360,E79) -> 0 | Q79: =IF(O78="","",Q77+O78) | R79: =IF(O78="","",R77-O78) | T79: RADAR/GPS | W79: =IF(P78="","",W77+V78)
G80: =ABS(D79-D81)*60 -> 0 | I80: =ABS(H79-H81)*60 -> 0 | J80: =ABS(F79-F81) -> 0 | K80: =IF(AND(D79<D81,H79=H81),0,IF(AND(D79>D81,H79=H81),180,IF(AND(D79=D81,H79<H81),90,IF(AND(D79=D81,H79>H81),270,(ATAN(I80/J80)*180/PI()))))) -> #DIV/0! | L80: =IF(OR(K80=0,K80=90,K80=180,K80=270),K80,IF(AND(D79<D81,H79<H81),K80,IF(AND(D79<D81,H79>H81),360-K80,IF(AND(D79>D81,H79<H81),180-K80,IF(AND(D79>D81,H79>H81),180+K80))))) -> #DIV/0! | M80: =(IF(I80=0,G80,IF(G80=0,COS(D81*PI()/180)*I80,G80/COS(K80*PI()/180)))) -> 0 | N80: =IF(C82="","",ROUND(L80,1)) | O80: =IF(C82="","",ROUND(M80,1)) | T80: EVERY 15 MIN | V80: =(O80/P80+U80/60)/24 -> #VALUE!
A81: 30 | D81: =TRUNC(C81)+((C81-TRUNC(C81))/0.6) -> 0 | E81: =TRUNC(C82)+((C82-TRUNC(C82))/0.6) -> 0 | F81: =ROUND(((LOG10(TAN(PI()/4+(D81/2*PI()/180)))*7915.7046)-(3437.7468*((0.0816968^2*SIN(D81*PI()/180))+(0.0816968^4/3*((SIN(D81*PI()/180))^3))+(0.0816968^6/5*((SIN(D81*PI()/180))^5))))),2) -> 0 | H81: =IF(E81<0,E81+360,E81) -> 0 | Q81: =IF(O80="","",Q79+O80) | R81: =IF(O80="","",R79-O80) | T81: RADAR/GPS | W81: =IF(P80="","",W79+V80)
G82: =ABS(D81-D83)*60 -> 0 | I82: =ABS(H81-H83)*60 -> 0 | J82: =ABS(F81-F83) -> 0 | K82: =IF(AND(D81<D83,H81=H83),0,IF(AND(D81>D83,H81=H83),180,IF(AND(D81=D83,H81<H83),90,IF(AND(D81=D83,H81>H83),270,(ATAN(I82/J82)*180/PI()))))) -> #DIV/0! | L82: =IF(OR(K82=0,K82=90,K82=180,K82=270),K82,IF(AND(D81<D83,H81<H83),K82,IF(AND(D81<D83,H81>H83),360-K82,IF(AND(D81>D83,H81<H83),180-K82,IF(AND(D81>D83,H81>H83),180+K82))))) -> #DIV/0! | M82: =(IF(I82=0,G82,IF(G82=0,COS(D83*PI()/180)*I82,G82/COS(K82*PI()/180)))) -> 0 | N82: =IF(C84="","",ROUND(L82,1)) | O82: =IF(C84="","",ROUND(M82,1)) | T82: EVERY 15 MIN | V82: =(O82/P82+U82/60)/24 -> #VALUE!
A83: 31 | D83: =TRUNC(C83)+((C83-TRUNC(C83))/0.6) -> 0 | E83: =TRUNC(C84)+((C84-TRUNC(C84))/0.6) -> 0 | F83: =ROUND(((LOG10(TAN(PI()/4+(D83/2*PI()/180)))*7915.7046)-(3437.7468*((0.0816968^2*SIN(D83*PI()/180))+(0.0816968^4/3*((SIN(D83*PI()/180))^3))+(0.0816968^6/5*((SIN(D83*PI()/180))^5))))),2) -> 0 | H83: =IF(E83<0,E83+360,E83) -> 0 | Q83: =IF(O82="","",Q81+O82) | R83: =IF(O82="","",R81-O82) | T83: RADAR/GPS | W83: =IF(P82="","",W81+V82)
G84: =ABS(D83-D85)*60 -> 0 | I84: =ABS(H83-H85)*60 -> 0 | J84: =ABS(F83-F85) -> 0 | K84: =IF(AND(D83<D85,H83=H85),0,IF(AND(D83>D85,H83=H85),180,IF(AND(D83=D85,H83<H85),90,IF(AND(D83=D85,H83>H85),270,(ATAN(I84/J84)*180/PI()))))) -> #DIV/0! | L84: =IF(OR(K84=0,K84=90,K84=180,K84=270),K84,IF(AND(D83<D85,H83<H85),K84,IF(AND(D83<D85,H83>H85),360-K84,IF(AND(D83>D85,H83<H85),180-K84,IF(AND(D83>D85,H83>H85),180+K84))))) -> #DIV/0! | M84: =(IF(I84=0,G84,IF(G84=0,COS(D85*PI()/180)*I84,G84/COS(K84*PI()/180)))) -> 0 | N84: =IF(C86="","",ROUND(L84,1)) | O84: =IF(C86="","",ROUND(M84,1)) | T84: EVERY 30 MIN | V84: =(O84/P84+U84/60)/24 -> #VALUE!
A85: 32 | D85: =TRUNC(C85)+((C85-TRUNC(C85))/0.6) -> 0 | E85: =TRUNC(C86)+((C86-TRUNC(C86))/0.6) -> 0 | F85: =ROUND(((LOG10(TAN(PI()/4+(D85/2*PI()/180)))*7915.7046)-(3437.7468*((0.0816968^2*SIN(D85*PI()/180))+(0.0816968^4/3*((SIN(D85*PI()/180))^3))+(0.0816968^6/5*((SIN(D85*PI()/180))^5))))),2) -> 0 | H85: =IF(E85<0,E85+360,E85) -> 0 | Q85: =IF(O84="","",Q83+O84) | R85: =IF(O84="","",R83-O84) | T85: RADAR/GPS | W85: =IF(P84="","",W83+V84)
G86: =ABS(D85-D87)*60 -> 0 | I86: =ABS(H85-H87)*60 -> 0 | J86: =ABS(F85-F87) -> 0 | K86: =IF(AND(D85<D87,H85=H87),0,IF(AND(D85>D87,H85=H87),180,IF(AND(D85=D87,H85<H87),90,IF(AND(D85=D87,H85>H87),270,(ATAN(I86/J86)*180/PI()))))) -> #DIV/0! | L86: =IF(OR(K86=0,K86=90,K86=180,K86=270),K86,IF(AND(D85<D87,H85<H87),K86,IF(AND(D85<D87,H85>H87),360-K86,IF(AND(D85>D87,H85<H87),180-K86,IF(AND(D85>D87,H85>H87),180+K86))))) -> #DIV/0! | M86: =(IF(I86=0,G86,IF(G86=0,COS(D87*PI()/180)*I86,G86/COS(K86*PI()/180)))) -> 0 | N86: =IF(C88="","",ROUND(L86,1)) | O86: =IF(C88="","",ROUND(M86,1)) | T86: EVERY 30 MIN | V86: =(O86/P86+U86/60)/24 -> #VALUE!
A87: 33 | D87: =TRUNC(C87)+((C87-TRUNC(C87))/0.6) -> 0 | E87: =TRUNC(C88)+((C88-TRUNC(C88))/0.6) -> 0 | F87: =ROUND(((LOG10(TAN(PI()/4+(D87/2*PI()/180)))*7915.7046)-(3437.7468*((0.0816968^2*SIN(D87*PI()/180))+(0.0816968^4/3*((SIN(D87*PI()/180))^3))+(0.0816968^6/5*((SIN(D87*PI()/180))^5))))),2) -> 0 | H87: =IF(E87<0,E87+360,E87) -> 0 | Q87: =IF(O86="","",Q85+O86) | R87: =IF(O86="","",R85-O86) | T87: GPS | W87: =IF(P86="","",W85+V86)
G88: =ABS(D87-D89)*60 -> 0 | I88: =ABS(H87-H89)*60 -> 0 | J88: =ABS(F87-F89) -> 0 | K88: =IF(AND(D87<D89,H87=H89),0,IF(AND(D87>D89,H87=H89),180,IF(AND(D87=D89,H87<H89),90,IF(AND(D87=D89,H87>H89),270,(ATAN(I88/J88)*180/PI()))))) -> #DIV/0! | L88: =IF(OR(K88=0,K88=90,K88=180,K88=270),K88,IF(AND(D87<D89,H87<H89),K88,IF(AND(D87<D89,H87>H89),360-K88,IF(AND(D87>D89,H87<H89),180-K88,IF(AND(D87>D89,H87>H89),180+K88))))) -> #DIV/0! | M88: =(IF(I88=0,G88,IF(G88=0,COS(D89*PI()/180)*I88,G88/COS(K88*PI()/180)))) -> 0 | N88: =IF(C90="","",ROUND(L88,1)) | O88: =IF(C90="","",ROUND(M88,1)) | T88: EVERY 1 HR. | V88: =(O88/P88+U88/60)/24 -> #VALUE!
A89: 34 | D89: =TRUNC(C89)+((C89-TRUNC(C89))/0.6) -> 0 | E89: =TRUNC(C90)+((C90-TRUNC(C90))/0.6) -> 0 | F89: =ROUND(((LOG10(TAN(PI()/4+(D89/2*PI()/180)))*7915.7046)-(3437.7468*((0.0816968^2*SIN(D89*PI()/180))+(0.0816968^4/3*((SIN(D89*PI()/180))^3))+(0.0816968^6/5*((SIN(D89*PI()/180))^5))))),2) -> 0 | H89: =IF(E89<0,E89+360,E89) -> 0 | Q89: =IF(O88="","",Q87+O88) | R89: =IF(O88="","",R87-O88) | T89: GPS | W89: =IF(P88="","",W87+V88)
G90: =ABS(D89-D91)*60 -> 0 | I90: =ABS(H89-H91)*60 -> 0 | J90: =ABS(F89-F91) -> 0 | K90: =IF(AND(D89<D91,H89=H91),0,IF(AND(D89>D91,H89=H91),180,IF(AND(D89=D91,H89<H91),90,IF(AND(D89=D91,H89>H91),270,(ATAN(I90/J90)*180/PI()))))) -> #DIV/0! | L90: =IF(OR(K90=0,K90=90,K90=180,K90=270),K90,IF(AND(D89<D91,H89<H91),K90,IF(AND(D89<D91,H89>H91),360-K90,IF(AND(D89>D91,H89<H91),180-K90,IF(AND(D89>D91,H89>H91),180+K90))))) -> #DIV/0! | M90: =(IF(I90=0,G90,IF(G90=0,COS(D91*PI()/180)*I90,G90/COS(K90*PI()/180)))) -> 0 | N90: =IF(C92="","",ROUND(L90,1)) | O90: =IF(C92="","",ROUND(M90,1)) | T90: EVERY 1 HR. | V90: =(O90/P90+U90/60)/24 -> #VALUE!
A91: 35 | D91: =TRUNC(C91)+((C91-TRUNC(C91))/0.6) -> 0 | E91: =TRUNC(C92)+((C92-TRUNC(C92))/0.6) -> 0 | F91: =ROUND(((LOG10(TAN(PI()/4+(D91/2*PI()/180)))*7915.7046)-(3437.7468*((0.0816968^2*SIN(D91*PI()/180))+(0.0816968^4/3*((SIN(D91*PI()/180))^3))+(0.0816968^6/5*((SIN(D91*PI()/180))^5))))),2) -> 0 | H91: =IF(E91<0,E91+360,E91) -> 0 | Q91: =IF(O90="","",Q89+O90) | R91: =IF(O90="","",R89-O90) | T91: RADAR/GPS | W91: =IF(P90="","",W89+V90)
G92: =ABS(D91-D93)*60 -> 0 | I92: =ABS(H91-H93)*60 -> 0 | J92: =ABS(F91-F93) -> 0 | K92: =IF(AND(D91<D93,H91=H93),0,IF(AND(D91>D93,H91=H93),180,IF(AND(D91=D93,H91<H93),90,IF(AND(D91=D93,H91>H93),270,(ATAN(I92/J92)*180/PI()))))) -> #DIV/0! | L92: =IF(OR(K92=0,K92=90,K92=180,K92=270),K92,IF(AND(D91<D93,H91<H93),K92,IF(AND(D91<D93,H91>H93),360-K92,IF(AND(D91>D93,H91<H93),180-K92,IF(AND(D91>D93,H91>H93),180+K92))))) -> #DIV/0! | M92: =(IF(I92=0,G92,IF(G92=0,COS(D93*PI()/180)*I92,G92/COS(K92*PI()/180)))) -> 0 | N92: =IF(C94="","",ROUND(L92,1)) | O92: =IF(C94="","",ROUND(M92,1)) | T92: EVERY 30 MIN | V92: =(O92/P92+U92/60)/24 -> #VALUE!
A93: 36 | D93: =TRUNC(C93)+((C93-TRUNC(C93))/0.6) -> 0 | E93: =TRUNC(C94)+((C94-TRUNC(C94))/0.6) -> 0 | F93: =ROUND(((LOG10(TAN(PI()/4+(D93/2*PI()/180)))*7915.7046)-(3437.7468*((0.0816968^2*SIN(D93*PI()/180))+(0.0816968^4/3*((SIN(D93*PI()/180))^3))+(0.0816968^6/5*((SIN(D93*PI()/180))^5))))),2) -> 0 | H93: =IF(E93<0,E93+360,E93) -> 0 | Q93: =IF(O92="","",Q91+O92) | R93: =IF(O92="","",R91-O92) | T93: RADAR/GPS | W93: =IF(P92="","",W91+V92)
G94: =ABS(D93-D95)*60 -> 0 | I94: =ABS(H93-H95)*60 -> 0 | J94: =ABS(F93-F95) -> 0 | K94: =IF(AND(D93<D95,H93=H95),0,IF(AND(D93>D95,H93=H95),180,IF(AND(D93=D95,H93<H95),90,IF(AND(D93=D95,H93>H95),270,(ATAN(I94/J94)*180/PI()))))) -> #DIV/0! | L94: =IF(OR(K94=0,K94=90,K94=180,K94=270),K94,IF(AND(D93<D95,H93<H95),K94,IF(AND(D93<D95,H93>H95),360-K94,IF(AND(D93>D95,H93<H95),180-K94,IF(AND(D93>D95,H93>H95),180+K94))))) -> #DIV/0! | M94: =(IF(I94=0,G94,IF(G94=0,COS(D95*PI()/180)*I94,G94/COS(K94*PI()/180)))) -> 0 | N94: =IF(C96="","",ROUND(L94,1)) | O94: =IF(C96="","",ROUND(M94,1)) | T94: EVERY 15 MIN | V94: =(O94/P94+U94/60)/24 -> #VALUE!
A95: 37 | D95: =TRUNC(C95)+((C95-TRUNC(C95))/0.6) -> 0 | E95: =TRUNC(C96)+((C96-TRUNC(C96))/0.6) -> 0 | F95: =ROUND(((LOG10(TAN(PI()/4+(D95/2*PI()/180)))*7915.7046)-(3437.7468*((0.0816968^2*SIN(D95*PI()/180))+(0.0816968^4/3*((SIN(D95*PI()/180))^3))+(0.0816968^6/5*((SIN(D95*PI()/180))^5))))),2) -> 0 | H95: =IF(E95<0,E95+360,E95) -> 0 | Q95: =IF(O94="","",Q93+O94) | R95: =IF(O94="","",R93-O94) | T95: RADAR/GPS | W95: =IF(P94="","",W93+V94)
G96: =ABS(D95-D97)*60 -> 0 | I96: =ABS(H95-H97)*60 -> 0 | J96: =ABS(F95-F97) -> 0 | K96: =IF(AND(D95<D97,H95=H97),0,IF(AND(D95>D97,H95=H97),180,IF(AND(D95=D97,H95<H97),90,IF(AND(D95=D97,H95>H97),270,(ATAN(I96/J96)*180/PI()))))) -> #DIV/0! | L96: =IF(OR(K96=0,K96=90,K96=180,K96=270),K96,IF(AND(D95<D97,H95<H97),K96,IF(AND(D95<D97,H95>H97),360-K96,IF(AND(D95>D97,H95<H97),180-K96,IF(AND(D95>D97,H95>H97),180+K96))))) -> #DIV/0! | M96: =(IF(I96=0,G96,IF(G96=0,COS(D97*PI()/180)*I96,G96/COS(K96*PI()/180)))) -> 0 | N96: =IF(C98="","",ROUND(L96,1)) | O96: =IF(C98="","",ROUND(M96,1)) | T96: EVERY 5 MIN | V96: =(O96/P96+U96/60)/24 -> #VALUE!
A97: 38 | D97: =TRUNC(C97)+((C97-TRUNC(C97))/0.6) -> 0 | E97: =TRUNC(C98)+((C98-TRUNC(C98))/0.6) -> 0 | F97: =ROUND(((LOG10(TAN(PI()/4+(D97/2*PI()/180)))*7915.7046)-(3437.7468*((0.0816968^2*SIN(D97*PI()/180))+(0.0816968^4/3*((SIN(D97*PI()/180))^3))+(0.0816968^6/5*((SIN(D97*PI()/180))^5))))),2) -> 0 | H97: =IF(E97<0,E97+360,E97) -> 0 | Q97: =IF(O96="","",Q95+O96) | R97: =IF(O96="","",R95-O96) | W97: =IF(P96="","",W95+V96)

Sheet  ARRIVAL - Pilot to Berth
A1: PIMSAT COLLEGES, INC. McArthur Highway, Bolosan District, Dagupan City COLLEGE OF MARITIME EDUCATION Bachelor of Science in Marine Transportation
A2: NAV 7 - VOYAGE PLANNING
A4: YEAR & SECTION: | C4: ='FRONT PAGE'!C28 -> 0 | Q4: MEMBERS: | U4: 1 | W4: ='FRONT PAGE'!H28 -> 0 | AA4: 3 | AB4: ='FRONT PAGE'!M28 -> 0
A5: GROUP NO: | C5: ='FRONT PAGE'!C29 -> 0 | U5: 2 | W5: ='FRONT PAGE'!H29 -> 0 | AA5: 4 | AB5: ='FRONT PAGE'!M29 -> 0
A6: ARRIVAL PORT - Passage from Pilot Station to Berth
A7: NAME OF VESSEL: | C7: ='FRONT PAGE'!F21 -> 0 | P7: DEPARTURE: | R7: ='FRONT PAGE'!C25 -> 0 | U7: ARRIVAL: | X7: ='FRONT PAGE'!J25 -> 0 | Z7: VOYAGE NO: | AB7: ='FRONT PAGE'!H23 -> 0
A8: NO. | B8: NAME/ REFERENCE | C8: POSITION | N8: T/CO | O8: DIST | P8: SP'D | Q8: F'M | R8: TO | S8: ESTIMATED MINIMUM UKC / E (ENOUGH) | T8: POSITION | U8: TIME CORR. (min.) | W8: ETA/ETP (L.T.) DD/MM/YY | X8: METHODS OF OBTAINING POSITION | Y8: POSITION FIXING INTERVAL | Z8: CALL MASTER | AA8: WATCH LEVEL | AB8: CHART NO. | AC8: GARBAGE/SEWAGE DISPOSAL | AD8: REMARKS:
T9: FIX SYSTEM
D10: Lat | E10: Long | F10: 漸長緯度 | G10: 緯差 | H10: Long (360) | I10: 経差 | J10: 漸長緯度差 | L10: 針路 | M10: 距離 | T10: PRIMARY
T11: SECONDARY
A12: 0 | D12: =TRUNC(C12)+((C12-TRUNC(C12))/0.6) -> 0 | E12: =TRUNC(C13)+((C13-TRUNC(C13))/0.6) -> 0 | F12: =ROUND(((LOG10(TAN(PI()/4+(D12/2*PI()/180)))*7915.7046)-(3437.7468*((0.0816968^2*SIN(D12*PI()/180))+(0.0816968^4/3*((SIN(D12*PI()/180))^3))+(0.0816968^6/5*((SIN(D12*PI()/180))^5))))),2) -> 0 | H12: =IF(E12<0,E12+360,E12) -> 0 | Q12: 0 | T12: RADAR | W12: 45982.208
G13: =ABS(D12-D14)*60 -> 0 | I13: =ABS(H12-H14)*60 -> 0 | J13: =ABS(F12-F14) -> 0 | K13: =IF(AND(D12<D14,H12=H14),0,IF(AND(D12>D14,H12=H14),180,IF(AND(D12=D14,H12<H14),90,IF(AND(D12=D14,H12>H14),270,(ATAN(I13/J13)*180/PI()))))) -> #DIV/0! | L13: =IF(OR(K13=0,K13=90,K13=180,K13=270),K13,IF(AND(D12<D14,H12<H14),K13,IF(AND(D12<D14,H12>H14),360-K13,IF(AND(D12>D14,H12<H14),180-K13,IF(AND(D12>D14,H12>H14),180+K13))))) -> #DIV/0! | M13: =(IF(I13=0,G13,IF(G13=0,COS(D14*PI()/180)*I13,G13/COS(K13*PI()/180)))) -> 0 | N13: =IF(C15="","",ROUND(L13,1)) | O13: =IF(C15="","",ROUND(M13,1)) | T13: EVERY 5 MIN | V13: =(O13/P13+U13/60)/24 -> #VALUE!
A14: 1 | D14: =TRUNC(C14)+((C14-TRUNC(C14))/0.6) -> 0 | E14: =TRUNC(C15)+((C15-TRUNC(C15))/0.6) -> 0 | F14: =ROUND(((LOG10(TAN(PI()/4+(D14/2*PI()/180)))*7915.7046)-(3437.7468*((0.0816968^2*SIN(D14*PI()/180))+(0.0816968^4/3*((SIN(D14*PI()/180))^3))+(0.0816968^6/5*((SIN(D14*PI()/180))^5))))),2) -> 0 | H14: =IF(E14<0,E14+360,E14) -> 0 | Q14: =IF(O13="","",Q12+O13) | R14: =IF(O13="","",R12-O13) | T14: RADAR | W14: =IF(P13="","",W12+V13)
G15: =ABS(D14-D16)*60 -> 0 | I15: =ABS(H14-H16)*60 -> 0 | J15: =ABS(F14-F16) -> 0 | K15: =IF(AND(D14<D16,H14=H16),0,IF(AND(D14>D16,H14=H16),180,IF(AND(D14=D16,H14<H16),90,IF(AND(D14=D16,H14>H16),270,(ATAN(I15/J15)*180/PI()))))) -> #DIV/0! | L15: =IF(OR(K15=0,K15=90,K15=180,K15=270),K15,IF(AND(D14<D16,H14<H16),K15,IF(AND(D14<D16,H14>H16),360-K15,IF(AND(D14>D16,H14<H16),180-K15,IF(AND(D14>D16,H14>H16),180+K15))))) -> #DIV/0! | M15: =(IF(I15=0,G15,IF(G15=0,COS(D16*PI()/180)*I15,G15/COS(K15*PI()/180)))) -> 0 | N15: =IF(C17="","",ROUND(L15,1)) | O15: =IF(C17="","",ROUND(M15,1)) | T15: EVERY 5 MIN | V15: =(O15/P15+U15/60)/24 -> #VALUE!
A16: 2 | D16: =TRUNC(C16)+((C16-TRUNC(C16))/0.6) -> 0 | E16: =TRUNC(C17)+((C17-TRUNC(C17))/0.6) -> 0 | F16: =ROUND(((LOG10(TAN(PI()/4+(D16/2*PI()/180)))*7915.7046)-(3437.7468*((0.0816968^2*SIN(D16*PI()/180))+(0.0816968^4/3*((SIN(D16*PI()/180))^3))+(0.0816968^6/5*((SIN(D16*PI()/180))^5))))),2) -> 0 | H16: =IF(E16<0,E16+360,E16) -> 0 | Q16: =IF(O15="","",Q14+O15) | R16: =IF(O15="","",R14-O15) | T16: RADAR | W16: =IF(P15="","",W14+V15)
G17: =ABS(D16-D18)*60 -> 0 | I17: =ABS(H16-H18)*60 -> 0 | J17: =ABS(F16-F18) -> 0 | K17: =IF(AND(D16<D18,H16=H18),0,IF(AND(D16>D18,H16=H18),180,IF(AND(D16=D18,H16<H18),90,IF(AND(D16=D18,H16>H18),270,(ATAN(I17/J17)*180/PI()))))) -> #DIV/0! | L17: =IF(OR(K17=0,K17=90,K17=180,K17=270),K17,IF(AND(D16<D18,H16<H18),K17,IF(AND(D16<D18,H16>H18),360-K17,IF(AND(D16>D18,H16<H18),180-K17,IF(AND(D16>D18,H16>H18),180+K17))))) -> #DIV/0! | M17: =(IF(I17=0,G17,IF(G17=0,COS(D18*PI()/180)*I17,G17/COS(K17*PI()/180)))) -> 0 | N17: =IF(C19="","",ROUND(L17,1)) | O17: =IF(C19="","",ROUND(M17,1)) | T17: EVERY 5 MIN | V17: =(O17/P17+U17/60)/24 -> #VALUE!
A18: 3 | D18: =TRUNC(C18)+((C18-TRUNC(C18))/0.6) -> 0 | E18: =TRUNC(C19)+((C19-TRUNC(C19))/0.6) -> 0 | F18: =ROUND(((LOG10(TAN(PI()/4+(D18/2*PI()/180)))*7915.7046)-(3437.7468*((0.0816968^2*SIN(D18*PI()/180))+(0.0816968^4/3*((SIN(D18*PI()/180))^3))+(0.0816968^6/5*((SIN(D18*PI()/180))^5))))),2) -> 0 | H18: =IF(E18<0,E18+360,E18) -> 0 | Q18: =IF(O17="","",Q16+O17) | R18: =IF(O17="","",R16-O17) | T18: RADAR | W18: =IF(P17="","",W16+V17)
G19: =ABS(D18-D20)*60 -> 0 | I19: =ABS(H18-H20)*60 -> 0 | J19: =ABS(F18-F20) -> 0 | K19: =IF(AND(D18<D20,H18=H20),0,IF(AND(D18>D20,H18=H20),180,IF(AND(D18=D20,H18<H20),90,IF(AND(D18=D20,H18>H20),270,(ATAN(I19/J19)*180/PI()))))) -> #DIV/0! | L19: =IF(OR(K19=0,K19=90,K19=180,K19=270),K19,IF(AND(D18<D20,H18<H20),K19,IF(AND(D18<D20,H18>H20),360-K19,IF(AND(D18>D20,H18<H20),180-K19,IF(AND(D18>D20,H18>H20),180+K19))))) -> #DIV/0! | M19: =(IF(I19=0,G19,IF(G19=0,COS(D20*PI()/180)*I19,G19/COS(K19*PI()/180)))) -> 0 | N19: =IF(C21="","",ROUND(L19,1)) | O19: =IF(C21="","",ROUND(M19,1)) | T19: EVERY 5 MIN | V19: =(O19/P19+U19/60)/24 -> #VALUE!
A20: 4 | D20: =TRUNC(C20)+((C20-TRUNC(C20))/0.6) -> 0 | E20: =TRUNC(C21)+((C21-TRUNC(C21))/0.6) -> 0 | F20: =ROUND(((LOG10(TAN(PI()/4+(D20/2*PI()/180)))*7915.7046)-(3437.7468*((0.0816968^2*SIN(D20*PI()/180))+(0.0816968^4/3*((SIN(D20*PI()/180))^3))+(0.0816968^6/5*((SIN(D20*PI()/180))^5))))),2) -> 0 | H20: =IF(E20<0,E20+360,E20) -> 0 | Q20: =IF(O19="","",Q18+O19) | R20: =IF(O19="","",R18-O19) | T20: RADAR | W20: =IF(P19="","",W18+V19)
G21: =ABS(D20-D22)*60 -> 0 | I21: =ABS(H20-H22)*60 -> 0 | J21: =ABS(F20-F22) -> 0 | K21: =IF(AND(D20<D22,H20=H22),0,IF(AND(D20>D22,H20=H22),180,IF(AND(D20=D22,H20<H22),90,IF(AND(D20=D22,H20>H22),270,(ATAN(I21/J21)*180/PI()))))) -> #DIV/0! | L21: =IF(OR(K21=0,K21=90,K21=180,K21=270),K21,IF(AND(D20<D22,H20<H22),K21,IF(AND(D20<D22,H20>H22),360-K21,IF(AND(D20>D22,H20<H22),180-K21,IF(AND(D20>D22,H20>H22),180+K21))))) -> #DIV/0! | M21: =(IF(I21=0,G21,IF(G21=0,COS(D22*PI()/180)*I21,G21/COS(K21*PI()/180)))) -> 0 | N21: =IF(C23="","",ROUND(L21,1)) | O21: =IF(C23="","",ROUND(M21,1)) | T21: EVERY 5MIN. | V21: =(O21/P21+U21/60)/24 -> #VALUE!
A22: 5 | D22: =TRUNC(C22)+((C22-TRUNC(C22))/0.6) -> 0 | E22: =TRUNC(C23)+((C23-TRUNC(C23))/0.6) -> 0 | F22: =ROUND(((LOG10(TAN(PI()/4+(D22/2*PI()/180)))*7915.7046)-(3437.7468*((0.0816968^2*SIN(D22*PI()/180))+(0.0816968^4/3*((SIN(D22*PI()/180))^3))+(0.0816968^6/5*((SIN(D22*PI()/180))^5))))),2) -> 0 | H22: =IF(E22<0,E22+360,E22) -> 0 | Q22: =IF(O21="","",Q20+O21) | R22: =IF(O21="","",R20-O21) | T22: RADAR | W22: =IF(P21="","",W20+V21)
G23: =ABS(D22-D24)*60 -> 0 | I23: =ABS(H22-H24)*60 -> 0 | J23: =ABS(F22-F24) -> 0 | K23: =IF(AND(D22<D24,H22=H24),0,IF(AND(D22>D24,H22=H24),180,IF(AND(D22=D24,H22<H24),90,IF(AND(D22=D24,H22>H24),270,(ATAN(I23/J23)*180/PI()))))) -> #DIV/0! | L23: =IF(OR(K23=0,K23=90,K23=180,K23=270),K23,IF(AND(D22<D24,H22<H24),K23,IF(AND(D22<D24,H22>H24),360-K23,IF(AND(D22>D24,H22<H24),180-K23,IF(AND(D22>D24,H22>H24),180+K23))))) -> #DIV/0! | M23: =(IF(I23=0,G23,IF(G23=0,COS(D24*PI()/180)*I23,G23/COS(K23*PI()/180)))) -> 0 | N23: =IF(C25="","",ROUND(L23,1)) | O23: =IF(C25="","",ROUND(M23,1)) | T23: EVERY 5 MIN | V23: =(O23/P23+U23/60)/24 -> #VALUE!
A24: 6 | D24: =TRUNC(C24)+((C24-TRUNC(C24))/0.6) -> 0 | E24: =TRUNC(C25)+((C25-TRUNC(C25))/0.6) -> 0 | F24: =ROUND(((LOG10(TAN(PI()/4+(D24/2*PI()/180)))*7915.7046)-(3437.7468*((0.0816968^2*SIN(D24*PI()/180))+(0.0816968^4/3*((SIN(D24*PI()/180))^3))+(0.0816968^6/5*((SIN(D24*PI()/180))^5))))),2) -> 0 | H24: =IF(E24<0,E24+360,E24) -> 0 | Q24: =IF(O23="","",Q22+O23) | R24: =IF(O23="","",R22-O23) | T24: RADAR/GPS | W24: =IF(P23="","",W22+V23)
G25: =ABS(D24-D26)*60 -> 0 | I25: =ABS(H24-H26)*60 -> 0 | J25: =ABS(F24-F26) -> 0 | K25: =IF(AND(D24<D26,H24=H26),0,IF(AND(D24>D26,H24=H26),180,IF(AND(D24=D26,H24<H26),90,IF(AND(D24=D26,H24>H26),270,(ATAN(I25/J25)*180/PI()))))) -> #DIV/0! | L25: =IF(OR(K25=0,K25=90,K25=180,K25=270),K25,IF(AND(D24<D26,H24<H26),K25,IF(AND(D24<D26,H24>H26),360-K25,IF(AND(D24>D26,H24<H26),180-K25,IF(AND(D24>D26,H24>H26),180+K25))))) -> #DIV/0! | M25: =(IF(I25=0,G25,IF(G25=0,COS(D26*PI()/180)*I25,G25/COS(K25*PI()/180)))) -> 0 | N25: =IF(C27="","",ROUND(L25,1)) | O25: =IF(C27="","",ROUND(M25,1)) | T25: EVERY 5MIN. | V25: =(O25/P25+U25/60)/24 -> #VALUE!
A26: 7 | D26: =TRUNC(C26)+((C26-TRUNC(C26))/0.6) -> 0 | E26: =TRUNC(C27)+((C27-TRUNC(C27))/0.6) -> 0 | F26: =ROUND(((LOG10(TAN(PI()/4+(D26/2*PI()/180)))*7915.7046)-(3437.7468*((0.0816968^2*SIN(D26*PI()/180))+(0.0816968^4/3*((SIN(D26*PI()/180))^3))+(0.0816968^6/5*((SIN(D26*PI()/180))^5))))),2) -> 0 | H26: =IF(E26<0,E26+360,E26) -> 0 | Q26: =IF(O25="","",Q24+O25) | R26: =IF(O25="","",R24-O25) | T26: RADAR/GPS | W26: =IF(P25="","",W24+V25)
G27: =ABS(D26-D28)*60 -> 0 | I27: =ABS(H26-H28)*60 -> 0 | J27: =ABS(F26-F28) -> 0 | K27: =IF(AND(D26<D28,H26=H28),0,IF(AND(D26>D28,H26=H28),180,IF(AND(D26=D28,H26<H28),90,IF(AND(D26=D28,H26>H28),270,(ATAN(I27/J27)*180/PI()))))) -> #DIV/0! | L27: =IF(OR(K27=0,K27=90,K27=180,K27=270),K27,IF(AND(D26<D28,H26<H28),K27,IF(AND(D26<D28,H26>H28),360-K27,IF(AND(D26>D28,H26<H28),180-K27,IF(AND(D26>D28,H26>H28),180+K27))))) -> #DIV/0! | M27: =(IF(I27=0,G27,IF(G27=0,COS(D28*PI()/180)*I27,G27/COS(K27*PI()/180)))) -> 0 | N27: =IF(C29="","",ROUND(L27,1)) | O27: =IF(C29="","",ROUND(M27,1)) | T27: EVERY 5MIN. | V27: =(O27/P27+U27/60)/24 -> #VALUE!
A28: 8 | D28: =TRUNC(C28)+((C28-TRUNC(C28))/0.6) -> 0 | E28: =TRUNC(C29)+((C29-TRUNC(C29))/0.6) -> 0 | F28: =ROUND(((LOG10(TAN(PI()/4+(D28/2*PI()/180)))*7915.7046)-(3437.7468*((0.0816968^2*SIN(D28*PI()/180))+(0.0816968^4/3*((SIN(D28*PI()/180))^3))+(0.0816968^6/5*((SIN(D28*PI()/180))^5))))),2) -> 0 | H28: =IF(E28<0,E28+360,E28) -> 0 | Q28: =IF(O27="","",Q26+O27) | R28: =IF(O27="","",R26-O27) | T28: RADR/GPS | W28: =IF(P27="","",W26+V27)
G29: =ABS(D28-D30)*60 -> 0 | I29: =ABS(H28-H30)*60 -> 0 | J29: =ABS(F28-F30) -> 0 | K29: =IF(AND(D28<D30,H28=H30),0,IF(AND(D28>D30,H28=H30),180,IF(AND(D28=D30,H28<H30),90,IF(AND(D28=D30,H28>H30),270,(ATAN(I29/J29)*180/PI()))))) -> #DIV/0! | L29: =IF(OR(K29=0,K29=90,K29=180,K29=270),K29,IF(AND(D28<D30,H28<H30),K29,IF(AND(D28<D30,H28>H30),360-K29,IF(AND(D28>D30,H28<H30),180-K29,IF(AND(D28>D30,H28>H30),180+K29))))) -> #DIV/0! | M29: =(IF(I29=0,G29,IF(G29=0,COS(D30*PI()/180)*I29,G29/COS(K29*PI()/180)))) -> 0 | N29: =IF(C31="","",ROUND(L29,1)) | O29: =IF(C31="","",ROUND(M29,1)) | T29: EVERY 5MIN. | V29: =(O29/P29+U29/60)/24 -> #VALUE!
A30: 9 | D30: =TRUNC(C30)+((C30-TRUNC(C30))/0.6) -> 0 | E30: =TRUNC(C31)+((C31-TRUNC(C31))/0.6) -> 0 | F30: =ROUND(((LOG10(TAN(PI()/4+(D30/2*PI()/180)))*7915.7046)-(3437.7468*((0.0816968^2*SIN(D30*PI()/180))+(0.0816968^4/3*((SIN(D30*PI()/180))^3))+(0.0816968^6/5*((SIN(D30*PI()/180))^5))))),2) -> 0 | H30: =IF(E30<0,E30+360,E30) -> 0 | Q30: =IF(O29="","",Q28+O29) | R30: =IF(O29="","",R28-O29) | T30: RADAR/GPS | W30: =IF(P29="","",W28+V29)
G31: =ABS(D30-D32)*60 -> 0 | I31: =ABS(H30-H32)*60 -> 0 | J31: =ABS(F30-F32) -> 0 | K31: =IF(AND(D30<D32,H30=H32),0,IF(AND(D30>D32,H30=H32),180,IF(AND(D30=D32,H30<H32),90,IF(AND(D30=D32,H30>H32),270,(ATAN(I31/J31)*180/PI()))))) -> #DIV/0! | L31: =IF(OR(K31=0,K31=90,K31=180,K31=270),K31,IF(AND(D30<D32,H30<H32),K31,IF(AND(D30<D32,H30>H32),360-K31,IF(AND(D30>D32,H30<H32),180-K31,IF(AND(D30>D32,H30>H32),180+K31))))) -> #DIV/0! | M31: =(IF(I31=0,G31,IF(G31=0,COS(D32*PI()/180)*I31,G31/COS(K31*PI()/180)))) -> 0 | N31: =IF(C33="","",ROUND(L31,1)) | O31: =IF(C33="","",ROUND(M31,1)) | T31: EVERY 5 MIN | V31: =(O31/P31+U31/60)/24 -> #VALUE!
A32: 10 | D32: =TRUNC(C32)+((C32-TRUNC(C32))/0.6) -> 0 | E32: =TRUNC(C33)+((C33-TRUNC(C33))/0.6) -> 0 | F32: =ROUND(((LOG10(TAN(PI()/4+(D32/2*PI()/180)))*7915.7046)-(3437.7468*((0.0816968^2*SIN(D32*PI()/180))+(0.0816968^4/3*((SIN(D32*PI()/180))^3))+(0.0816968^6/5*((SIN(D32*PI()/180))^5))))),2) -> 0 | H32: =IF(E32<0,E32+360,E32) -> 0 | Q32: =IF(O31="","",Q30+O31) | R32: =IF(O31="","",R30-O31) | T32: RADAR/GPS | W32: =IF(P31="","",W30+V31)
G33: =ABS(D32-D34)*60 -> 0 | I33: =ABS(H32-H34)*60 -> 0 | J33: =ABS(F32-F34) -> 0 | K33: =IF(AND(D32<D34,H32=H34),0,IF(AND(D32>D34,H32=H34),180,IF(AND(D32=D34,H32<H34),90,IF(AND(D32=D34,H32>H34),270,(ATAN(I33/J33)*180/PI()))))) -> #DIV/0! | L33: =IF(OR(K33=0,K33=90,K33=180,K33=270),K33,IF(AND(D32<D34,H32<H34),K33,IF(AND(D32<D34,H32>H34),360-K33,IF(AND(D32>D34,H32<H34),180-K33,IF(AND(D32>D34,H32>H34),180+K33))))) -> #DIV/0! | M33: =(IF(I33=0,G33,IF(G33=0,COS(D34*PI()/180)*I33,G33/COS(K33*PI()/180)))) -> 0 | N33: =IF(C35="","",ROUND(L33,1)) | O33: =IF(C35="","",ROUND(M33,1)) | T33: EVERY 15 MIN | V33: =(O33/P33+U33/60)/24 -> #VALUE!
A34: 11 | D34: =TRUNC(C34)+((C34-TRUNC(C34))/0.6) -> 0 | E34: =TRUNC(C35)+((C35-TRUNC(C35))/0.6) -> 0 | F34: =ROUND(((LOG10(TAN(PI()/4+(D34/2*PI()/180)))*7915.7046)-(3437.7468*((0.0816968^2*SIN(D34*PI()/180))+(0.0816968^4/3*((SIN(D34*PI()/180))^3))+(0.0816968^6/5*((SIN(D34*PI()/180))^5))))),2) -> 0 | H34: =IF(E34<0,E34+360,E34) -> 0 | Q34: =IF(O33="","",Q32+O33) | R34: =IF(O33="","",R32-O33) | T34: RADAR/GPS | W34: =IF(P33="","",W32+V33)
G35: =ABS(D34-D36)*60 -> 0 | I35: =ABS(H34-H36)*60 -> 0 | J35: =ABS(F34-F36) -> 0 | K35: =IF(AND(D34<D36,H34=H36),0,IF(AND(D34>D36,H34=H36),180,IF(AND(D34=D36,H34<H36),90,IF(AND(D34=D36,H34>H36),270,(ATAN(I35/J35)*180/PI()))))) -> #DIV/0! | L35: =IF(OR(K35=0,K35=90,K35=180,K35=270),K35,IF(AND(D34<D36,H34<H36),K35,IF(AND(D34<D36,H34>H36),360-K35,IF(AND(D34>D36,H34<H36),180-K35,IF(AND(D34>D36,H34>H36),180+K35))))) -> #DIV/0! | M35: =(IF(I35=0,G35,IF(G35=0,COS(D36*PI()/180)*I35,G35/COS(K35*PI()/180)))) -> 0 | N35: =IF(C37="","",ROUND(L35,1)) | O35: =IF(C37="","",ROUND(M35,1)) | T35: EVERY 15 MIN | V35: =(O35/P35+U35/60)/24 -> #VALUE!
A36: 12 | D36: =TRUNC(C36)+((C36-TRUNC(C36))/0.6) -> 0 | E36: =TRUNC(C37)+((C37-TRUNC(C37))/0.6) -> 0 | F36: =ROUND(((LOG10(TAN(PI()/4+(D36/2*PI()/180)))*7915.7046)-(3437.7468*((0.0816968^2*SIN(D36*PI()/180))+(0.0816968^4/3*((SIN(D36*PI()/180))^3))+(0.0816968^6/5*((SIN(D36*PI()/180))^5))))),2) -> 0 | H36: =IF(E36<0,E36+360,E36) -> 0 | Q36: =IF(O35="","",Q34+O35) | R36: =IF(O35="","",R34-O35) | T36: RADAR/GPS | W36: =IF(P35="","",W34+V35)
G37: =ABS(D36-D38)*60 -> 0 | I37: =ABS(H36-H38)*60 -> 0 | J37: =ABS(F36-F38) -> 0 | K37: =IF(AND(D36<D38,H36=H38),0,IF(AND(D36>D38,H36=H38),180,IF(AND(D36=D38,H36<H38),90,IF(AND(D36=D38,H36>H38),270,(ATAN(I37/J37)*180/PI()))))) -> #DIV/0! | L37: =IF(OR(K37=0,K37=90,K37=180,K37=270),K37,IF(AND(D36<D38,H36<H38),K37,IF(AND(D36<D38,H36>H38),360-K37,IF(AND(D36>D38,H36<H38),180-K37,IF(AND(D36>D38,H36>H38),180+K37))))) -> #DIV/0! | M37: =(IF(I37=0,G37,IF(G37=0,COS(D38*PI()/180)*I37,G37/COS(K37*PI()/180)))) -> 0 | N37: =IF(C39="","",ROUND(L37,1)) | O37: =IF(C39="","",ROUND(M37,1)) | T37: EVERY 30 MIN | V37: =(O37/P37+U37/60)/24 -> #VALUE!
A38: 13 | D38: =TRUNC(C38)+((C38-TRUNC(C38))/0.6) -> 0 | E38: =TRUNC(C39)+((C39-TRUNC(C39))/0.6) -> 0 | F38: =ROUND(((LOG10(TAN(PI()/4+(D38/2*PI()/180)))*7915.7046)-(3437.7468*((0.0816968^2*SIN(D38*PI()/180))+(0.0816968^4/3*((SIN(D38*PI()/180))^3))+(0.0816968^6/5*((SIN(D38*PI()/180))^5))))),2) -> 0 | H38: =IF(E38<0,E38+360,E38) -> 0 | Q38: =IF(O37="","",Q36+O37) | R38: =IF(O37="","",R36-O37) | T38: RADAR/GPS | W38: =IF(P37="","",W36+V37)
G39: =ABS(D38-D40)*60 -> 0 | I39: =ABS(H38-H40)*60 -> 0 | J39: =ABS(F38-F40) -> 0 | K39: =IF(AND(D38<D40,H38=H40),0,IF(AND(D38>D40,H38=H40),180,IF(AND(D38=D40,H38<H40),90,IF(AND(D38=D40,H38>H40),270,(ATAN(I39/J39)*180/PI()))))) -> #DIV/0! | L39: =IF(OR(K39=0,K39=90,K39=180,K39=270),K39,IF(AND(D38<D40,H38<H40),K39,IF(AND(D38<D40,H38>H40),360-K39,IF(AND(D38>D40,H38<H40),180-K39,IF(AND(D38>D40,H38>H40),180+K39))))) -> #DIV/0! | M39: =(IF(I39=0,G39,IF(G39=0,COS(D40*PI()/180)*I39,G39/COS(K39*PI()/180)))) -> 0 | N39: =IF(C41="","",ROUND(L39,1)) | O39: =IF(C41="","",ROUND(M39,1)) | T39: EVERY 30 MIN | V39: =(O39/P39+U39/60)/24 -> #VALUE!
A40: 14 | D40: =TRUNC(C40)+((C40-TRUNC(C40))/0.6) -> 0 | E40: =TRUNC(C41)+((C41-TRUNC(C41))/0.6) -> 0 | F40: =ROUND(((LOG10(TAN(PI()/4+(D40/2*PI()/180)))*7915.7046)-(3437.7468*((0.0816968^2*SIN(D40*PI()/180))+(0.0816968^4/3*((SIN(D40*PI()/180))^3))+(0.0816968^6/5*((SIN(D40*PI()/180))^5))))),2) -> 0 | H40: =IF(E40<0,E40+360,E40) -> 0 | Q40: =IF(O39="","",Q38+O39) | R40: =IF(O39="","",R38-O39) | T40: GPS | W40: =IF(P39="","",W38+V39)
G41: =ABS(D40-D42)*60 -> 0 | I41: =ABS(H40-H42)*60 -> 0 | J41: =ABS(F40-F42) -> 0 | K41: =IF(AND(D40<D42,H40=H42),0,IF(AND(D40>D42,H40=H42),180,IF(AND(D40=D42,H40<H42),90,IF(AND(D40=D42,H40>H42),270,(ATAN(I41/J41)*180/PI()))))) -> #DIV/0! | L41: =IF(OR(K41=0,K41=90,K41=180,K41=270),K41,IF(AND(D40<D42,H40<H42),K41,IF(AND(D40<D42,H40>H42),360-K41,IF(AND(D40>D42,H40<H42),180-K41,IF(AND(D40>D42,H40>H42),180+K41))))) -> #DIV/0! | M41: =(IF(I41=0,G41,IF(G41=0,COS(D42*PI()/180)*I41,G41/COS(K41*PI()/180)))) -> 0 | N41: =IF(C43="","",ROUND(L41,1)) | O41: =IF(C43="","",ROUND(M41,1)) | T41: EVERY 1 HR. | V41: =(O41/P41+U41/60)/24 -> #VALUE!
A42: 15 | D42: =TRUNC(C42)+((C42-TRUNC(C42))/0.6) -> 0 | E42: =TRUNC(C43)+((C43-TRUNC(C43))/0.6) -> 0 | F42: =ROUND(((LOG10(TAN(PI()/4+(D42/2*PI()/180)))*7915.7046)-(3437.7468*((0.0816968^2*SIN(D42*PI()/180))+(0.0816968^4/3*((SIN(D42*PI()/180))^3))+(0.0816968^6/5*((SIN(D42*PI()/180))^5))))),2) -> 0 | H42: =IF(E42<0,E42+360,E42) -> 0 | Q42: =IF(O41="","",Q40+O41) | R42: =IF(O41="","",R40-O41) | T42: GPS | W42: =IF(P41="","",W40+V41)
G43: =ABS(D42-D44)*60 -> 0 | I43: =ABS(H42-H44)*60 -> 0 | J43: =ABS(F42-F44) -> 0 | K43: =IF(AND(D42<D44,H42=H44),0,IF(AND(D42>D44,H42=H44),180,IF(AND(D42=D44,H42<H44),90,IF(AND(D42=D44,H42>H44),270,(ATAN(I43/J43)*180/PI()))))) -> #DIV/0! | L43: =IF(OR(K43=0,K43=90,K43=180,K43=270),K43,IF(AND(D42<D44,H42<H44),K43,IF(AND(D42<D44,H42>H44),360-K43,IF(AND(D42>D44,H42<H44),180-K43,IF(AND(D42>D44,H42>H44),180+K43))))) -> #DIV/0! | M43: =(IF(I43=0,G43,IF(G43=0,COS(D44*PI()/180)*I43,G43/COS(K43*PI()/180)))) -> 0 | N43: =IF(C45="","",ROUND(L43,1)) | O43: =IF(C45="","",ROUND(M43,1)) | T43: EVERY 1 HR. | V43: =(O43/P43+U43/60)/24 -> #VALUE!
A44: 16 | D44: =TRUNC(C44)+((C44-TRUNC(C44))/0.6) -> 0 | E44: =TRUNC(C45)+((C45-TRUNC(C45))/0.6) -> 0 | F44: =ROUND(((LOG10(TAN(PI()/4+(D44/2*PI()/180)))*7915.7046)-(3437.7468*((0.0816968^2*SIN(D44*PI()/180))+(0.0816968^4/3*((SIN(D44*PI()/180))^3))+(0.0816968^6/5*((SIN(D44*PI()/180))^5))))),2) -> 0 | H44: =IF(E44<0,E44+360,E44) -> 0 | Q44: =IF(O43="","",Q42+O43) | R44: =IF(O43="","",R42-O43) | T44: RADAR/GPS | W44: =IF(P43="","",W42+V43)
G45: =ABS(D44-D46)*60 -> 0 | I45: =ABS(H44-H46)*60 -> 0 | J45: =ABS(F44-F46) -> 0 | K45: =IF(AND(D44<D46,H44=H46),0,IF(AND(D44>D46,H44=H46),180,IF(AND(D44=D46,H44<H46),90,IF(AND(D44=D46,H44>H46),270,(ATAN(I45/J45)*180/PI()))))) -> #DIV/0! | L45: =IF(OR(K45=0,K45=90,K45=180,K45=270),K45,IF(AND(D44<D46,H44<H46),K45,IF(AND(D44<D46,H44>H46),360-K45,IF(AND(D44>D46,H44<H46),180-K45,IF(AND(D44>D46,H44>H46),180+K45))))) -> #DIV/0! | M45: =(IF(I45=0,G45,IF(G45=0,COS(D46*PI()/180)*I45,G45/COS(K45*PI()/180)))) -> 0 | N45: =IF(C47="","",ROUND(L45,1)) | O45: =IF(C47="","",ROUND(M45,1)) | T45: EVERY 30 MIN | V45: =(O45/P45+U45/60)/24 -> #VALUE!
A46: 17 | D46: =TRUNC(C46)+((C46-TRUNC(C46))/0.6) -> 0 | E46: =TRUNC(C47)+((C47-TRUNC(C47))/0.6) -> 0 | F46: =ROUND(((LOG10(TAN(PI()/4+(D46/2*PI()/180)))*7915.7046)-(3437.7468*((0.0816968^2*SIN(D46*PI()/180))+(0.0816968^4/3*((SIN(D46*PI()/180))^3))+(0.0816968^6/5*((SIN(D46*PI()/180))^5))))),2) -> 0 | H46: =IF(E46<0,E46+360,E46) -> 0 | Q46: =IF(O45="","",Q44+O45) | R46: =IF(O45="","",R44-O45) | T46: RADAR/GPS | W46: =IF(P45="","",W44+V45)
G47: =ABS(D46-D48)*60 -> 0 | I47: =ABS(H46-H48)*60 -> 0 | J47: =ABS(F46-F48) -> 0 | K47: =IF(AND(D46<D48,H46=H48),0,IF(AND(D46>D48,H46=H48),180,IF(AND(D46=D48,H46<H48),90,IF(AND(D46=D48,H46>H48),270,(ATAN(I47/J47)*180/PI()))))) -> #DIV/0! | L47: =IF(OR(K47=0,K47=90,K47=180,K47=270),K47,IF(AND(D46<D48,H46<H48),K47,IF(AND(D46<D48,H46>H48),360-K47,IF(AND(D46>D48,H46<H48),180-K47,IF(AND(D46>D48,H46>H48),180+K47))))) -> #DIV/0! | M47: =(IF(I47=0,G47,IF(G47=0,COS(D48*PI()/180)*I47,G47/COS(K47*PI()/180)))) -> 0 | N47: =IF(C49="","",ROUND(L47,1)) | O47: =IF(C49="","",ROUND(M47,1)) | T47: EVERY 15 MIN | V47: =(O47/P47+U47/60)/24 -> #VALUE!
A48: 18 | D48: =TRUNC(C48)+((C48-TRUNC(C48))/0.6) -> 0 | E48: =TRUNC(C49)+((C49-TRUNC(C49))/0.6) -> 0 | F48: =ROUND(((LOG10(TAN(PI()/4+(D48/2*PI()/180)))*7915.7046)-(3437.7468*((0.0816968^2*SIN(D48*PI()/180))+(0.0816968^4/3*((SIN(D48*PI()/180))^3))+(0.0816968^6/5*((SIN(D48*PI()/180))^5))))),2) -> 0 | H48: =IF(E48<0,E48+360,E48) -> 0 | Q48: =IF(O47="","",Q46+O47) | R48: =IF(O47="","",R46-O47) | T48: RADAR/GPS | W48: =IF(P47="","",W46+V47)
G49: =ABS(D48-D50)*60 -> 0 | I49: =ABS(H48-H50)*60 -> 0 | J49: =ABS(F48-F50) -> 0 | K49: =IF(AND(D48<D50,H48=H50),0,IF(AND(D48>D50,H48=H50),180,IF(AND(D48=D50,H48<H50),90,IF(AND(D48=D50,H48>H50),270,(ATAN(I49/J49)*180/PI()))))) -> #DIV/0! | L49: =IF(OR(K49=0,K49=90,K49=180,K49=270),K49,IF(AND(D48<D50,H48<H50),K49,IF(AND(D48<D50,H48>H50),360-K49,IF(AND(D48>D50,H48<H50),180-K49,IF(AND(D48>D50,H48>H50),180+K49))))) -> #DIV/0! | M49: =(IF(I49=0,G49,IF(G49=0,COS(D50*PI()/180)*I49,G49/COS(K49*PI()/180)))) -> 0 | N49: =IF(C51="","",ROUND(L49,1)) | O49: =IF(C51="","",ROUND(M49,1)) | T49: EVERY 5 MIN | V49: =(O49/P49+U49/60)/24 -> #VALUE!
A50: 19 | D50: =TRUNC(C50)+((C50-TRUNC(C50))/0.6) -> 0 | E50: =TRUNC(C51)+((C51-TRUNC(C51))/0.6) -> 0 | F50: =ROUND(((LOG10(TAN(PI()/4+(D50/2*PI()/180)))*7915.7046)-(3437.7468*((0.0816968^2*SIN(D50*PI()/180))+(0.0816968^4/3*((SIN(D50*PI()/180))^3))+(0.0816968^6/5*((SIN(D50*PI()/180))^5))))),2) -> 0 | H50: =IF(E50<0,E50+360,E50) -> 0 | Q50: =IF(O49="","",Q48+O49) | R50: =IF(O49="","",R48-O49) | W50: =IF(P49="","",W48+V49)
A52: PASSAGE PLAN | B52: NAGOYA BERTH (KINJO) | C52: 35.03 | P52: FROM: | Q52: =Q1 -> 0 | T52: =T1 -> 0
C53: 136.51 | P53: TO : | Q53: =Q2 -> 0 | T53: =T2 -> 0
A54: =#REF! -> #REF! | AD54: =#REF! -> #REF!
A55: NO. | B55: NAME/ REFERENCE | C55: POSITION | N55: T/CO | O55: DIST | P55: SP'D | Q55: F'M | R55: TO | S55: ESTIMATED MINIMUM UKC / E (ENOUGH) | T55: POSITION | U55: TIME CORR. (min.) | W55: ETA/ETP (L.T.) DD/MM/YY | X55: METHODS OF OBTAINING POSITION | Y55: POSITION FIXING INTERVAL | Z55: CALL MASTER | AA55: WATCH LEVEL | AB55: CHART NO. | AC55: GARBAGE/SEWAGE DISPOSAL | AD55: REMARKS:
T56: FIX SYSTEM
D57: Lat | E57: Long | F57: 漸長緯度 | G57: 緯差 | H57: Long (360) | I57: 経差 | J57: 漸長緯度差 | L57: 針路 | M57: 距離 | T57: PRIMARY
T58: SECONDARY
A59: 19 | B59: =B50 -> 0 | C59: =C50 -> 0 | D59: =TRUNC(C59)+((C59-TRUNC(C59))/0.6) -> 0 | E59: =TRUNC(C60)+((C60-TRUNC(C60))/0.6) -> 0 | F59: =ROUND(((LOG10(TAN(PI()/4+(D59/2*PI()/180)))*7915.7046)-(3437.7468*((0.0816968^2*SIN(D59*PI()/180))+(0.0816968^4/3*((SIN(D59*PI()/180))^3))+(0.0816968^6/5*((SIN(D59*PI()/180))^5))))),2) -> 0 | H59: =IF(E59<0,E59+360,E59) -> 0 | N59: =N49 | O59: =O49 | P59: =P49 -> 0 | Q59: =Q50 | R59: =R50 | T59: RADAR | W59: =W50
C60: =C51 -> 0 | G60: =ABS(D59-D61)*60 -> 0 | I60: =ABS(H59-H61)*60 -> 0 | J60: =ABS(F59-F61) -> 0 | K60: =IF(AND(D59<D61,H59=H61),0,IF(AND(D59>D61,H59=H61),180,IF(AND(D59=D61,H59<H61),90,IF(AND(D59=D61,H59>H61),270,(ATAN(I60/J60)*180/PI()))))) -> #DIV/0! | L60: =IF(OR(K60=0,K60=90,K60=180,K60=270),K60,IF(AND(D59<D61,H59<H61),K60,IF(AND(D59<D61,H59>H61),360-K60,IF(AND(D59>D61,H59<H61),180-K60,IF(AND(D59>D61,H59>H61),180+K60))))) -> #DIV/0! | M60: =(IF(I60=0,G60,IF(G60=0,COS(D61*PI()/180)*I60,G60/COS(K60*PI()/180)))) -> 0 | N60: =IF(C62="","",ROUND(L60,1)) | O60: =IF(C62="","",ROUND(M60,1)) | T60: EVERY 5 MIN | V60: =(O60/P60+U60/60)/24 -> #VALUE!
A61: 20 | D61: =TRUNC(C61)+((C61-TRUNC(C61))/0.6) -> 0 | E61: =TRUNC(C62)+((C62-TRUNC(C62))/0.6) -> 0 | F61: =ROUND(((LOG10(TAN(PI()/4+(D61/2*PI()/180)))*7915.7046)-(3437.7468*((0.0816968^2*SIN(D61*PI()/180))+(0.0816968^4/3*((SIN(D61*PI()/180))^3))+(0.0816968^6/5*((SIN(D61*PI()/180))^5))))),2) -> 0 | H61: =IF(E61<0,E61+360,E61) -> 0 | Q61: =IF(O60="","",Q59+O60) | R61: =IF(O60="","",R59-O60) | T61: RADAR | W61: =IF(P60="","",W59+V60)
G62: =ABS(D61-D63)*60 -> 0 | I62: =ABS(H61-H63)*60 -> 0 | J62: =ABS(F61-F63) -> 0 | K62: =IF(AND(D61<D63,H61=H63),0,IF(AND(D61>D63,H61=H63),180,IF(AND(D61=D63,H61<H63),90,IF(AND(D61=D63,H61>H63),270,(ATAN(I62/J62)*180/PI()))))) -> #DIV/0! | L62: =IF(OR(K62=0,K62=90,K62=180,K62=270),K62,IF(AND(D61<D63,H61<H63),K62,IF(AND(D61<D63,H61>H63),360-K62,IF(AND(D61>D63,H61<H63),180-K62,IF(AND(D61>D63,H61>H63),180+K62))))) -> #DIV/0! | M62: =(IF(I62=0,G62,IF(G62=0,COS(D63*PI()/180)*I62,G62/COS(K62*PI()/180)))) -> 0 | N62: =IF(C64="","",ROUND(L62,1)) | O62: =IF(C64="","",ROUND(M62,1)) | T62: EVERY 5 MIN | V62: =(O62/P62+U62/60)/24 -> #VALUE!
A63: 21 | D63: =TRUNC(C63)+((C63-TRUNC(C63))/0.6) -> 0 | E63: =TRUNC(C64)+((C64-TRUNC(C64))/0.6) -> 0 | F63: =ROUND(((LOG10(TAN(PI()/4+(D63/2*PI()/180)))*7915.7046)-(3437.7468*((0.0816968^2*SIN(D63*PI()/180))+(0.0816968^4/3*((SIN(D63*PI()/180))^3))+(0.0816968^6/5*((SIN(D63*PI()/180))^5))))),2) -> 0 | H63: =IF(E63<0,E63+360,E63) -> 0 | Q63: =IF(O62="","",Q61+O62) | R63: =IF(O62="","",R61-O62) | T63: RADAR | W63: =IF(P62="","",W61+V62)
G64: =ABS(D63-D65)*60 -> 0 | I64: =ABS(H63-H65)*60 -> 0 | J64: =ABS(F63-F65) -> 0 | K64: =IF(AND(D63<D65,H63=H65),0,IF(AND(D63>D65,H63=H65),180,IF(AND(D63=D65,H63<H65),90,IF(AND(D63=D65,H63>H65),270,(ATAN(I64/J64)*180/PI()))))) -> #DIV/0! | L64: =IF(OR(K64=0,K64=90,K64=180,K64=270),K64,IF(AND(D63<D65,H63<H65),K64,IF(AND(D63<D65,H63>H65),360-K64,IF(AND(D63>D65,H63<H65),180-K64,IF(AND(D63>D65,H63>H65),180+K64))))) -> #DIV/0! | M64: =(IF(I64=0,G64,IF(G64=0,COS(D65*PI()/180)*I64,G64/COS(K64*PI()/180)))) -> 0 | N64: =IF(C66="","",ROUND(L64,1)) | O64: =IF(C66="","",ROUND(M64,1)) | T64: EVERY 5 MIN | V64: =(O64/P64+U64/60)/24 -> #VALUE!
A65: 22 | D65: =TRUNC(C65)+((C65-TRUNC(C65))/0.6) -> 0 | E65: =TRUNC(C66)+((C66-TRUNC(C66))/0.6) -> 0 | F65: =ROUND(((LOG10(TAN(PI()/4+(D65/2*PI()/180)))*7915.7046)-(3437.7468*((0.0816968^2*SIN(D65*PI()/180))+(0.0816968^4/3*((SIN(D65*PI()/180))^3))+(0.0816968^6/5*((SIN(D65*PI()/180))^5))))),2) -> 0 | H65: =IF(E65<0,E65+360,E65) -> 0 | Q65: =IF(O64="","",Q63+O64) | R65: =IF(O64="","",R63-O64) | T65: RADAR | W65: =IF(P64="","",W63+V64)
G66: =ABS(D65-D67)*60 -> 0 | I66: =ABS(H65-H67)*60 -> 0 | J66: =ABS(F65-F67) -> 0 | K66: =IF(AND(D65<D67,H65=H67),0,IF(AND(D65>D67,H65=H67),180,IF(AND(D65=D67,H65<H67),90,IF(AND(D65=D67,H65>H67),270,(ATAN(I66/J66)*180/PI()))))) -> #DIV/0! | L66: =IF(OR(K66=0,K66=90,K66=180,K66=270),K66,IF(AND(D65<D67,H65<H67),K66,IF(AND(D65<D67,H65>H67),360-K66,IF(AND(D65>D67,H65<H67),180-K66,IF(AND(D65>D67,H65>H67),180+K66))))) -> #DIV/0! | M66: =(IF(I66=0,G66,IF(G66=0,COS(D67*PI()/180)*I66,G66/COS(K66*PI()/180)))) -> 0 | N66: =IF(C68="","",ROUND(L66,1)) | O66: =IF(C68="","",ROUND(M66,1)) | T66: EVERY 5 MIN | V66: =(O66/P66+U66/60)/24 -> #VALUE!
A67: 23 | D67: =TRUNC(C67)+((C67-TRUNC(C67))/0.6) -> 0 | E67: =TRUNC(C68)+((C68-TRUNC(C68))/0.6) -> 0 | F67: =ROUND(((LOG10(TAN(PI()/4+(D67/2*PI()/180)))*7915.7046)-(3437.7468*((0.0816968^2*SIN(D67*PI()/180))+(0.0816968^4/3*((SIN(D67*PI()/180))^3))+(0.0816968^6/5*((SIN(D67*PI()/180))^5))))),2) -> 0 | H67: =IF(E67<0,E67+360,E67) -> 0 | Q67: =IF(O66="","",Q65+O66) | R67: =IF(O66="","",R65-O66) | T67: RADAR | W67: =IF(P66="","",W65+V66)
G68: =ABS(D67-D69)*60 -> 0 | I68: =ABS(H67-H69)*60 -> 0 | J68: =ABS(F67-F69) -> 0 | K68: =IF(AND(D67<D69,H67=H69),0,IF(AND(D67>D69,H67=H69),180,IF(AND(D67=D69,H67<H69),90,IF(AND(D67=D69,H67>H69),270,(ATAN(I68/J68)*180/PI()))))) -> #DIV/0! | L68: =IF(OR(K68=0,K68=90,K68=180,K68=270),K68,IF(AND(D67<D69,H67<H69),K68,IF(AND(D67<D69,H67>H69),360-K68,IF(AND(D67>D69,H67<H69),180-K68,IF(AND(D67>D69,H67>H69),180+K68))))) -> #DIV/0! | M68: =(IF(I68=0,G68,IF(G68=0,COS(D69*PI()/180)*I68,G68/COS(K68*PI()/180)))) -> 0 | N68: =IF(C70="","",ROUND(L68,1)) | O68: =IF(C70="","",ROUND(M68,1)) | T68: EVERY 5MIN. | V68: =(O68/P68+U68/60)/24 -> #VALUE!
A69: 24 | D69: =TRUNC(C69)+((C69-TRUNC(C69))/0.6) -> 0 | E69: =TRUNC(C70)+((C70-TRUNC(C70))/0.6) -> 0 | F69: =ROUND(((LOG10(TAN(PI()/4+(D69/2*PI()/180)))*7915.7046)-(3437.7468*((0.0816968^2*SIN(D69*PI()/180))+(0.0816968^4/3*((SIN(D69*PI()/180))^3))+(0.0816968^6/5*((SIN(D69*PI()/180))^5))))),2) -> 0 | H69: =IF(E69<0,E69+360,E69) -> 0 | Q69: =IF(O68="","",Q67+O68) | R69: =IF(O68="","",R67-O68) | T69: RADAR | W69: =IF(P68="","",W67+V68)
G70: =ABS(D69-D71)*60 -> 0 | I70: =ABS(H69-H71)*60 -> 0 | J70: =ABS(F69-F71) -> 0 | K70: =IF(AND(D69<D71,H69=H71),0,IF(AND(D69>D71,H69=H71),180,IF(AND(D69=D71,H69<H71),90,IF(AND(D69=D71,H69>H71),270,(ATAN(I70/J70)*180/PI()))))) -> #DIV/0! | L70: =IF(OR(K70=0,K70=90,K70=180,K70=270),K70,IF(AND(D69<D71,H69<H71),K70,IF(AND(D69<D71,H69>H71),360-K70,IF(AND(D69>D71,H69<H71),180-K70,IF(AND(D69>D71,H69>H71),180+K70))))) -> #DIV/0! | M70: =(IF(I70=0,G70,IF(G70=0,COS(D71*PI()/180)*I70,G70/COS(K70*PI()/180)))) -> 0 | N70: =IF(C72="","",ROUND(L70,1)) | O70: =IF(C72="","",ROUND(M70,1)) | T70: EVERY 5 MIN | V70: =(O70/P70+U70/60)/24 -> #VALUE!
A71: 25 | D71: =TRUNC(C71)+((C71-TRUNC(C71))/0.6) -> 0 | E71: =TRUNC(C72)+((C72-TRUNC(C72))/0.6) -> 0 | F71: =ROUND(((LOG10(TAN(PI()/4+(D71/2*PI()/180)))*7915.7046)-(3437.7468*((0.0816968^2*SIN(D71*PI()/180))+(0.0816968^4/3*((SIN(D71*PI()/180))^3))+(0.0816968^6/5*((SIN(D71*PI()/180))^5))))),2) -> 0 | H71: =IF(E71<0,E71+360,E71) -> 0 | Q71: =IF(O70="","",Q69+O70) | R71: =IF(O70="","",R69-O70) | T71: RADAR/GPS | W71: =IF(P70="","",W69+V70)
G72: =ABS(D71-D73)*60 -> 0 | I72: =ABS(H71-H73)*60 -> 0 | J72: =ABS(F71-F73) -> 0 | K72: =IF(AND(D71<D73,H71=H73),0,IF(AND(D71>D73,H71=H73),180,IF(AND(D71=D73,H71<H73),90,IF(AND(D71=D73,H71>H73),270,(ATAN(I72/J72)*180/PI()))))) -> #DIV/0! | L72: =IF(OR(K72=0,K72=90,K72=180,K72=270),K72,IF(AND(D71<D73,H71<H73),K72,IF(AND(D71<D73,H71>H73),360-K72,IF(AND(D71>D73,H71<H73),180-K72,IF(AND(D71>D73,H71>H73),180+K72))))) -> #DIV/0! | M72: =(IF(I72=0,G72,IF(G72=0,COS(D73*PI()/180)*I72,G72/COS(K72*PI()/180)))) -> 0 | N72: =IF(C74="","",ROUND(L72,1)) | O72: =IF(C74="","",ROUND(M72,1)) | T72: EVERY 5MIN. | V72: =(O72/P72+U72/60)/24 -> #VALUE!
A73: 26 | D73: =TRUNC(C73)+((C73-TRUNC(C73))/0.6) -> 0 | E73: =TRUNC(C74)+((C74-TRUNC(C74))/0.6) -> 0 | F73: =ROUND(((LOG10(TAN(PI()/4+(D73/2*PI()/180)))*7915.7046)-(3437.7468*((0.0816968^2*SIN(D73*PI()/180))+(0.0816968^4/3*((SIN(D73*PI()/180))^3))+(0.0816968^6/5*((SIN(D73*PI()/180))^5))))),2) -> 0 | H73: =IF(E73<0,E73+360,E73) -> 0 | Q73: =IF(O72="","",Q71+O72) | R73: =IF(O72="","",R71-O72) | T73: RADAR/GPS | W73: =IF(P72="","",W71+V72)
G74: =ABS(D73-D75)*60 -> 0 | I74: =ABS(H73-H75)*60 -> 0 | J74: =ABS(F73-F75) -> 0 | K74: =IF(AND(D73<D75,H73=H75),0,IF(AND(D73>D75,H73=H75),180,IF(AND(D73=D75,H73<H75),90,IF(AND(D73=D75,H73>H75),270,(ATAN(I74/J74)*180/PI()))))) -> #DIV/0! | L74: =IF(OR(K74=0,K74=90,K74=180,K74=270),K74,IF(AND(D73<D75,H73<H75),K74,IF(AND(D73<D75,H73>H75),360-K74,IF(AND(D73>D75,H73<H75),180-K74,IF(AND(D73>D75,H73>H75),180+K74))))) -> #DIV/0! | M74: =(IF(I74=0,G74,IF(G74=0,COS(D75*PI()/180)*I74,G74/COS(K74*PI()/180)))) -> 0 | N74: =IF(C76="","",ROUND(L74,1)) | O74: =IF(C76="","",ROUND(M74,1)) | T74: EVERY 5MIN. | V74: =(O74/P74+U74/60)/24 -> #VALUE!
A75: 27 | D75: =TRUNC(C75)+((C75-TRUNC(C75))/0.6) -> 0 | E75: =TRUNC(C76)+((C76-TRUNC(C76))/0.6) -> 0 | F75: =ROUND(((LOG10(TAN(PI()/4+(D75/2*PI()/180)))*7915.7046)-(3437.7468*((0.0816968^2*SIN(D75*PI()/180))+(0.0816968^4/3*((SIN(D75*PI()/180))^3))+(0.0816968^6/5*((SIN(D75*PI()/180))^5))))),2) -> 0 | H75: =IF(E75<0,E75+360,E75) -> 0 | Q75: =IF(O74="","",Q73+O74) | R75: =IF(O74="","",R73-O74) | T75: RADR/GPS | W75: =IF(P74="","",W73+V74)
G76: =ABS(D75-D77)*60 -> 0 | I76: =ABS(H75-H77)*60 -> 0 | J76: =ABS(F75-F77) -> 0 | K76: =IF(AND(D75<D77,H75=H77),0,IF(AND(D75>D77,H75=H77),180,IF(AND(D75=D77,H75<H77),90,IF(AND(D75=D77,H75>H77),270,(ATAN(I76/J76)*180/PI()))))) -> #DIV/0! | L76: =IF(OR(K76=0,K76=90,K76=180,K76=270),K76,IF(AND(D75<D77,H75<H77),K76,IF(AND(D75<D77,H75>H77),360-K76,IF(AND(D75>D77,H75<H77),180-K76,IF(AND(D75>D77,H75>H77),180+K76))))) -> #DIV/0! | M76: =(IF(I76=0,G76,IF(G76=0,COS(D77*PI()/180)*I76,G76/COS(K76*PI()/180)))) -> 0 | N76: =IF(C78="","",ROUND(L76,1)) | O76: =IF(C78="","",ROUND(M76,1)) | T76: EVERY 5MIN. | V76: =(O76/P76+U76/60)/24 -> #VALUE!
A77: 28 | D77: =TRUNC(C77)+((C77-TRUNC(C77))/0.6) -> 0 | E77: =TRUNC(C78)+((C78-TRUNC(C78))/0.6) -> 0 | F77: =ROUND(((LOG10(TAN(PI()/4+(D77/2*PI()/180)))*7915.7046)-(3437.7468*((0.0816968^2*SIN(D77*PI()/180))+(0.0816968^4/3*((SIN(D77*PI()/180))^3))+(0.0816968^6/5*((SIN(D77*PI()/180))^5))))),2) -> 0 | H77: =IF(E77<0,E77+360,E77) -> 0 | Q77: =IF(O76="","",Q75+O76) | R77: =IF(O76="","",R75-O76) | T77: RADAR/GPS | W77: =IF(P76="","",W75+V76)
G78: =ABS(D77-D79)*60 -> 0 | I78: =ABS(H77-H79)*60 -> 0 | J78: =ABS(F77-F79) -> 0 | K78: =IF(AND(D77<D79,H77=H79),0,IF(AND(D77>D79,H77=H79),180,IF(AND(D77=D79,H77<H79),90,IF(AND(D77=D79,H77>H79),270,(ATAN(I78/J78)*180/PI()))))) -> #DIV/0! | L78: =IF(OR(K78=0,K78=90,K78=180,K78=270),K78,IF(AND(D77<D79,H77<H79),K78,IF(AND(D77<D79,H77>H79),360-K78,IF(AND(D77>D79,H77<H79),180-K78,IF(AND(D77>D79,H77>H79),180+K78))))) -> #DIV/0! | M78: =(IF(I78=0,G78,IF(G78=0,COS(D79*PI()/180)*I78,G78/COS(K78*PI()/180)))) -> 0 | N78: =IF(C80="","",ROUND(L78,1)) | O78: =IF(C80="","",ROUND(M78,1)) | T78: EVERY 5 MIN | V78: =(O78/P78+U78/60)/24 -> #VALUE!
A79: 29 | D79: =TRUNC(C79)+((C79-TRUNC(C79))/0.6) -> 0 | E79: =TRUNC(C80)+((C80-TRUNC(C80))/0.6) -> 0 | F79: =ROUND(((LOG10(TAN(PI()/4+(D79/2*PI()/180)))*7915.7046)-(3437.7468*((0.0816968^2*SIN(D79*PI()/180))+(0.0816968^4/3*((SIN(D79*PI()/180))^3))+(0.0816968^6/5*((SIN(D79*PI()/180))^5))))),2) -> 0 | H79: =IF(E79<0,E79+360,E79) -> 0 | Q79: =IF(O78="","",Q77+O78) | R79: =IF(O78="","",R77-O78) | T79: RADAR/GPS | W79: =IF(P78="","",W77+V78)
G80: =ABS(D79-D81)*60 -> 0 | I80: =ABS(H79-H81)*60 -> 0 | J80: =ABS(F79-F81) -> 0 | K80: =IF(AND(D79<D81,H79=H81),0,IF(AND(D79>D81,H79=H81),180,IF(AND(D79=D81,H79<H81),90,IF(AND(D79=D81,H79>H81),270,(ATAN(I80/J80)*180/PI()))))) -> #DIV/0! | L80: =IF(OR(K80=0,K80=90,K80=180,K80=270),K80,IF(AND(D79<D81,H79<H81),K80,IF(AND(D79<D81,H79>H81),360-K80,IF(AND(D79>D81,H79<H81),180-K80,IF(AND(D79>D81,H79>H81),180+K80))))) -> #DIV/0! | M80: =(IF(I80=0,G80,IF(G80=0,COS(D81*PI()/180)*I80,G80/COS(K80*PI()/180)))) -> 0 | N80: =IF(C82="","",ROUND(L80,1)) | O80: =IF(C82="","",ROUND(M80,1)) | T80: EVERY 15 MIN | V80: =(O80/P80+U80/60)/24 -> #VALUE!
A81: 30 | D81: =TRUNC(C81)+((C81-TRUNC(C81))/0.6) -> 0 | E81: =TRUNC(C82)+((C82-TRUNC(C82))/0.6) -> 0 | F81: =ROUND(((LOG10(TAN(PI()/4+(D81/2*PI()/180)))*7915.7046)-(3437.7468*((0.0816968^2*SIN(D81*PI()/180))+(0.0816968^4/3*((SIN(D81*PI()/180))^3))+(0.0816968^6/5*((SIN(D81*PI()/180))^5))))),2) -> 0 | H81: =IF(E81<0,E81+360,E81) -> 0 | Q81: =IF(O80="","",Q79+O80) | R81: =IF(O80="","",R79-O80) | T81: RADAR/GPS | W81: =IF(P80="","",W79+V80)
G82: =ABS(D81-D83)*60 -> 0 | I82: =ABS(H81-H83)*60 -> 0 | J82: =ABS(F81-F83) -> 0 | K82: =IF(AND(D81<D83,H81=H83),0,IF(AND(D81>D83,H81=H83),180,IF(AND(D81=D83,H81<H83),90,IF(AND(D81=D83,H81>H83),270,(ATAN(I82/J82)*180/PI()))))) -> #DIV/0! | L82: =IF(OR(K82=0,K82=90,K82=180,K82=270),K82,IF(AND(D81<D83,H81<H83),K82,IF(AND(D81<D83,H81>H83),360-K82,IF(AND(D81>D83,H81<H83),180-K82,IF(AND(D81>D83,H81>H83),180+K82))))) -> #DIV/0! | M82: =(IF(I82=0,G82,IF(G82=0,COS(D83*PI()/180)*I82,G82/COS(K82*PI()/180)))) -> 0 | N82: =IF(C84="","",ROUND(L82,1)) | O82: =IF(C84="","",ROUND(M82,1)) | T82: EVERY 15 MIN | V82: =(O82/P82+U82/60)/24 -> #VALUE!
A83: 31 | D83: =TRUNC(C83)+((C83-TRUNC(C83))/0.6) -> 0 | E83: =TRUNC(C84)+((C84-TRUNC(C84))/0.6) -> 0 | F83: =ROUND(((LOG10(TAN(PI()/4+(D83/2*PI()/180)))*7915.7046)-(3437.7468*((0.0816968^2*SIN(D83*PI()/180))+(0.0816968^4/3*((SIN(D83*PI()/180))^3))+(0.0816968^6/5*((SIN(D83*PI()/180))^5))))),2) -> 0 | H83: =IF(E83<0,E83+360,E83) -> 0 | Q83: =IF(O82="","",Q81+O82) | R83: =IF(O82="","",R81-O82) | T83: RADAR/GPS | W83: =IF(P82="","",W81+V82)
G84: =ABS(D83-D85)*60 -> 0 | I84: =ABS(H83-H85)*60 -> 0 | J84: =ABS(F83-F85) -> 0 | K84: =IF(AND(D83<D85,H83=H85),0,IF(AND(D83>D85,H83=H85),180,IF(AND(D83=D85,H83<H85),90,IF(AND(D83=D85,H83>H85),270,(ATAN(I84/J84)*180/PI()))))) -> #DIV/0! | L84: =IF(OR(K84=0,K84=90,K84=180,K84=270),K84,IF(AND(D83<D85,H83<H85),K84,IF(AND(D83<D85,H83>H85),360-K84,IF(AND(D83>D85,H83<H85),180-K84,IF(AND(D83>D85,H83>H85),180+K84))))) -> #DIV/0! | M84: =(IF(I84=0,G84,IF(G84=0,COS(D85*PI()/180)*I84,G84/COS(K84*PI()/180)))) -> 0 | N84: =IF(C86="","",ROUND(L84,1)) | O84: =IF(C86="","",ROUND(M84,1)) | T84: EVERY 30 MIN | V84: =(O84/P84+U84/60)/24 -> #VALUE!
A85: 32 | D85: =TRUNC(C85)+((C85-TRUNC(C85))/0.6) -> 0 | E85: =TRUNC(C86)+((C86-TRUNC(C86))/0.6) -> 0 | F85: =ROUND(((LOG10(TAN(PI()/4+(D85/2*PI()/180)))*7915.7046)-(3437.7468*((0.0816968^2*SIN(D85*PI()/180))+(0.0816968^4/3*((SIN(D85*PI()/180))^3))+(0.0816968^6/5*((SIN(D85*PI()/180))^5))))),2) -> 0 | H85: =IF(E85<0,E85+360,E85) -> 0 | Q85: =IF(O84="","",Q83+O84) | R85: =IF(O84="","",R83-O84) | T85: RADAR/GPS | W85: =IF(P84="","",W83+V84)
G86: =ABS(D85-D87)*60 -> 0 | I86: =ABS(H85-H87)*60 -> 0 | J86: =ABS(F85-F87) -> 0 | K86: =IF(AND(D85<D87,H85=H87),0,IF(AND(D85>D87,H85=H87),180,IF(AND(D85=D87,H85<H87),90,IF(AND(D85=D87,H85>H87),270,(ATAN(I86/J86)*180/PI()))))) -> #DIV/0! | L86: =IF(OR(K86=0,K86=90,K86=180,K86=270),K86,IF(AND(D85<D87,H85<H87),K86,IF(AND(D85<D87,H85>H87),360-K86,IF(AND(D85>D87,H85<H87),180-K86,IF(AND(D85>D87,H85>H87),180+K86))))) -> #DIV/0! | M86: =(IF(I86=0,G86,IF(G86=0,COS(D87*PI()/180)*I86,G86/COS(K86*PI()/180)))) -> 0 | N86: =IF(C88="","",ROUND(L86,1)) | O86: =IF(C88="","",ROUND(M86,1)) | T86: EVERY 30 MIN | V86: =(O86/P86+U86/60)/24 -> #VALUE!
A87: 33 | D87: =TRUNC(C87)+((C87-TRUNC(C87))/0.6) -> 0 | E87: =TRUNC(C88)+((C88-TRUNC(C88))/0.6) -> 0 | F87: =ROUND(((LOG10(TAN(PI()/4+(D87/2*PI()/180)))*7915.7046)-(3437.7468*((0.0816968^2*SIN(D87*PI()/180))+(0.0816968^4/3*((SIN(D87*PI()/180))^3))+(0.0816968^6/5*((SIN(D87*PI()/180))^5))))),2) -> 0 | H87: =IF(E87<0,E87+360,E87) -> 0 | Q87: =IF(O86="","",Q85+O86) | R87: =IF(O86="","",R85-O86) | T87: GPS | W87: =IF(P86="","",W85+V86)
G88: =ABS(D87-D89)*60 -> 0 | I88: =ABS(H87-H89)*60 -> 0 | J88: =ABS(F87-F89) -> 0 | K88: =IF(AND(D87<D89,H87=H89),0,IF(AND(D87>D89,H87=H89),180,IF(AND(D87=D89,H87<H89),90,IF(AND(D87=D89,H87>H89),270,(ATAN(I88/J88)*180/PI()))))) -> #DIV/0! | L88: =IF(OR(K88=0,K88=90,K88=180,K88=270),K88,IF(AND(D87<D89,H87<H89),K88,IF(AND(D87<D89,H87>H89),360-K88,IF(AND(D87>D89,H87<H89),180-K88,IF(AND(D87>D89,H87>H89),180+K88))))) -> #DIV/0! | M88: =(IF(I88=0,G88,IF(G88=0,COS(D89*PI()/180)*I88,G88/COS(K88*PI()/180)))) -> 0 | N88: =IF(C90="","",ROUND(L88,1)) | O88: =IF(C90="","",ROUND(M88,1)) | T88: EVERY 1 HR. | V88: =(O88/P88+U88/60)/24 -> #VALUE!
A89: 34 | D89: =TRUNC(C89)+((C89-TRUNC(C89))/0.6) -> 0 | E89: =TRUNC(C90)+((C90-TRUNC(C90))/0.6) -> 0 | F89: =ROUND(((LOG10(TAN(PI()/4+(D89/2*PI()/180)))*7915.7046)-(3437.7468*((0.0816968^2*SIN(D89*PI()/180))+(0.0816968^4/3*((SIN(D89*PI()/180))^3))+(0.0816968^6/5*((SIN(D89*PI()/180))^5))))),2) -> 0 | H89: =IF(E89<0,E89+360,E89) -> 0 | Q89: =IF(O88="","",Q87+O88) | R89: =IF(O88="","",R87-O88) | T89: GPS | W89: =IF(P88="","",W87+V88)
G90: =ABS(D89-D91)*60 -> 0 | I90: =ABS(H89-H91)*60 -> 0 | J90: =ABS(F89-F91) -> 0 | K90: =IF(AND(D89<D91,H89=H91),0,IF(AND(D89>D91,H89=H91),180,IF(AND(D89=D91,H89<H91),90,IF(AND(D89=D91,H89>H91),270,(ATAN(I90/J90)*180/PI()))))) -> #DIV/0! | L90: =IF(OR(K90=0,K90=90,K90=180,K90=270),K90,IF(AND(D89<D91,H89<H91),K90,IF(AND(D89<D91,H89>H91),360-K90,IF(AND(D89>D91,H89<H91),180-K90,IF(AND(D89>D91,H89>H91),180+K90))))) -> #DIV/0! | M90: =(IF(I90=0,G90,IF(G90=0,COS(D91*PI()/180)*I90,G90/COS(K90*PI()/180)))) -> 0 | N90: =IF(C92="","",ROUND(L90,1)) | O90: =IF(C92="","",ROUND(M90,1)) | T90: EVERY 1 HR. | V90: =(O90/P90+U90/60)/24 -> #VALUE!
A91: 35 | D91: =TRUNC(C91)+((C91-TRUNC(C91))/0.6) -> 0 | E91: =TRUNC(C92)+((C92-TRUNC(C92))/0.6) -> 0 | F91: =ROUND(((LOG10(TAN(PI()/4+(D91/2*PI()/180)))*7915.7046)-(3437.7468*((0.0816968^2*SIN(D91*PI()/180))+(0.0816968^4/3*((SIN(D91*PI()/180))^3))+(0.0816968^6/5*((SIN(D91*PI()/180))^5))))),2) -> 0 | H91: =IF(E91<0,E91+360,E91) -> 0 | Q91: =IF(O90="","",Q89+O90) | R91: =IF(O90="","",R89-O90) | T91: RADAR/GPS | W91: =IF(P90="","",W89+V90)
G92: =ABS(D91-D93)*60 -> 0 | I92: =ABS(H91-H93)*60 -> 0 | J92: =ABS(F91-F93) -> 0 | K92: =IF(AND(D91<D93,H91=H93),0,IF(AND(D91>D93,H91=H93),180,IF(AND(D91=D93,H91<H93),90,IF(AND(D91=D93,H91>H93),270,(ATAN(I92/J92)*180/PI()))))) -> #DIV/0! | L92: =IF(OR(K92=0,K92=90,K92=180,K92=270),K92,IF(AND(D91<D93,H91<H93),K92,IF(AND(D91<D93,H91>H93),360-K92,IF(AND(D91>D93,H91<H93),180-K92,IF(AND(D91>D93,H91>H93),180+K92))))) -> #DIV/0! | M92: =(IF(I92=0,G92,IF(G92=0,COS(D93*PI()/180)*I92,G92/COS(K92*PI()/180)))) -> 0 | N92: =IF(C94="","",ROUND(L92,1)) | O92: =IF(C94="","",ROUND(M92,1)) | T92: EVERY 30 MIN | V92: =(O92/P92+U92/60)/24 -> #VALUE!
A93: 36 | D93: =TRUNC(C93)+((C93-TRUNC(C93))/0.6) -> 0 | E93: =TRUNC(C94)+((C94-TRUNC(C94))/0.6) -> 0 | F93: =ROUND(((LOG10(TAN(PI()/4+(D93/2*PI()/180)))*7915.7046)-(3437.7468*((0.0816968^2*SIN(D93*PI()/180))+(0.0816968^4/3*((SIN(D93*PI()/180))^3))+(0.0816968^6/5*((SIN(D93*PI()/180))^5))))),2) -> 0 | H93: =IF(E93<0,E93+360,E93) -> 0 | Q93: =IF(O92="","",Q91+O92) | R93: =IF(O92="","",R91-O92) | T93: RADAR/GPS | W93: =IF(P92="","",W91+V92)
G94: =ABS(D93-D95)*60 -> 0 | I94: =ABS(H93-H95)*60 -> 0 | J94: =ABS(F93-F95) -> 0 | K94: =IF(AND(D93<D95,H93=H95),0,IF(AND(D93>D95,H93=H95),180,IF(AND(D93=D95,H93<H95),90,IF(AND(D93=D95,H93>H95),270,(ATAN(I94/J94)*180/PI()))))) -> #DIV/0! | L94: =IF(OR(K94=0,K94=90,K94=180,K94=270),K94,IF(AND(D93<D95,H93<H95),K94,IF(AND(D93<D95,H93>H95),360-K94,IF(AND(D93>D95,H93<H95),180-K94,IF(AND(D93>D95,H93>H95),180+K94))))) -> #DIV/0! | M94: =(IF(I94=0,G94,IF(G94=0,COS(D95*PI()/180)*I94,G94/COS(K94*PI()/180)))) -> 0 | N94: =IF(C96="","",ROUND(L94,1)) | O94: =IF(C96="","",ROUND(M94,1)) | T94: EVERY 15 MIN | V94: =(O94/P94+U94/60)/24 -> #VALUE!
A95: 37 | D95: =TRUNC(C95)+((C95-TRUNC(C95))/0.6) -> 0 | E95: =TRUNC(C96)+((C96-TRUNC(C96))/0.6) -> 0 | F95: =ROUND(((LOG10(TAN(PI()/4+(D95/2*PI()/180)))*7915.7046)-(3437.7468*((0.0816968^2*SIN(D95*PI()/180))+(0.0816968^4/3*((SIN(D95*PI()/180))^3))+(0.0816968^6/5*((SIN(D95*PI()/180))^5))))),2) -> 0 | H95: =IF(E95<0,E95+360,E95) -> 0 | Q95: =IF(O94="","",Q93+O94) | R95: =IF(O94="","",R93-O94) | T95: RADAR/GPS | W95: =IF(P94="","",W93+V94)
G96: =ABS(D95-D97)*60 -> 0 | I96: =ABS(H95-H97)*60 -> 0 | J96: =ABS(F95-F97) -> 0 | K96: =IF(AND(D95<D97,H95=H97),0,IF(AND(D95>D97,H95=H97),180,IF(AND(D95=D97,H95<H97),90,IF(AND(D95=D97,H95>H97),270,(ATAN(I96/J96)*180/PI()))))) -> #DIV/0! | L96: =IF(OR(K96=0,K96=90,K96=180,K96=270),K96,IF(AND(D95<D97,H95<H97),K96,IF(AND(D95<D97,H95>H97),360-K96,IF(AND(D95>D97,H95<H97),180-K96,IF(AND(D95>D97,H95>H97),180+K96))))) -> #DIV/0! | M96: =(IF(I96=0,G96,IF(G96=0,COS(D97*PI()/180)*I96,G96/COS(K96*PI()/180)))) -> 0 | N96: =IF(C98="","",ROUND(L96,1)) | O96: =IF(C98="","",ROUND(M96,1)) | T96: EVERY 5 MIN | V96: =(O96/P96+U96/60)/24 -> #VALUE!
A97: 38 | D97: =TRUNC(C97)+((C97-TRUNC(C97))/0.6) -> 0 | E97: =TRUNC(C98)+((C98-TRUNC(C98))/0.6) -> 0 | F97: =ROUND(((LOG10(TAN(PI()/4+(D97/2*PI()/180)))*7915.7046)-(3437.7468*((0.0816968^2*SIN(D97*PI()/180))+(0.0816968^4/3*((SIN(D97*PI()/180))^3))+(0.0816968^6/5*((SIN(D97*PI()/180))^5))))),2) -> 0 | H97: =IF(E97<0,E97+360,E97) -> 0 | Q97: =IF(O96="","",Q95+O96) | R97: =IF(O96="","",R95-O96) | W97: =IF(P96="","",W95+V96)

Sheet SAMPLE
A1: BRIDGE NOTE BOOK (CONFINED WATERS PASSAGE PLAN)
A2: (MV PLUTO LEADER)
A3: DATE :17 AUG. 2021 | N3: VOY. NO. : 028 | R3: FROM: NAGOYA, KINJYO | V3: TO: YOKOHAMA, DAIKUKO | AA3: MAX DRAFT: 9.0M | AD3: AVE.SPD.16.0 KTS
A5: NO. | B5: WAY POINT & POSITION | N5: CO. | O5: DIST | P5: SP'D | Q5: F'M | R5: TO | S5: ESTIMATED | T5: POSITION | U5: TIME CORR. (min.) | W5: ETA/ETP (L.T.) | X5: POSITION FIX | Y5: POSITION | Z5: CALL | AA5: WATCH | AB5: CHART NO. | AC5: GARBAGE/ | AD5: REMARKS:
S6: MINIMUM (UKC) | T6: FIX SYSTEM | X6: SYSTEM | Y6: FIXING | Z6: CAPT. | AA6: LEVEL | AC6: SEWAGE/
D7: Lat | E7: Long | F7: 漸長緯度 | G7: 緯差 | H7: Long (360) | I7: 経差 | J7: 漸長緯度差 | L7: 針路 | M7: 距離 | S7: E (ENOUGH) OR | T7: PRIMARY | X7: PRIMARY | Y7: FREQUENCY | Z7: Y: | AA7: 1, 2 &3 | AC7: Y/N
S8: ACTUAL METER | T8: SECONDARY | X8: SECONDARY | Y8: (MIN) | Z8: YES | AC8: DISPOSAL
A9: =IF(B9="","",1) -> 1 | B9: KINJO WHARF NO. 76 & 77 | C9: 35.0303 | D9: =TRUNC(C9)+((C9-TRUNC(C9))/0.6) -> 35.0505 | E9: =TRUNC(C10)+((C10-TRUNC(C10))/0.6) -> 136.83817 | F9: =ROUND(((LOG10(TAN(PI()/4+(D9/2*PI()/180)))*7915.7046)-(3437.7468*((0.0816968^2*SIN(D9*PI()/180))+(0.0816968^4/3*((SIN(D9*PI()/180))^3))+(0.0816968^6/5*((SIN(D9*PI()/180))^5))))),2) -> 2234.8 | H9: =IF(E9<0,E9+360,E9) -> 136.83817 | Q9: =IF(O10="","",0) -> 0 | R9: 224.8 | T9: RADAR | X9: VIS, XB | AD9: ECDIS ROUTE NAME: 1) NGO - OUT (OUTBOUND) --->2) NGO-YOK VOY. 028 (AUG. 2021) ---> 3) YOK-IN ( INBOUND)
C10: 136.5029 | G10: =ABS(D9-D11)*60 -> 1.03 | I10: =ABS(H9-H11)*60 -> 0.21 | J10: =ABS(F9-F11) -> 1.25 | K10: =IF(AND(D9<D11,H9=H11),0,IF(AND(D9>D11,H9=H11),180,IF(AND(D9=D11,H9<H11),90,IF(AND(D9=D11,H9>H11),270,(ATAN(I10/J10)*180/PI()))))) -> 9.5366358 | L10: =IF(OR(K10=0,K10=90,K10=180,K10=270),K10,IF(AND(D9<D11,H9<H11),K10,IF(AND(D9<D11,H9>H11),360-K10,IF(AND(D9>D11,H9<H11),180-K10,IF(AND(D9>D11,H9>H11),180+K10))))) -> 170.46336 | M10: =(IF(I10=0,G10,IF(G10=0,COS(D11*PI()/180)*I10,G10/COS(K10*PI()/180)))) -> 1.0444342 | N10: =IF(C12="","",ROUND(L10,1)) -> 170.5 | O10: =IF(C12="","",ROUND(M10,1)) -> 1 | P10: 2 | S10: 2.1 | T10: EVERY 5 MIN | V10: =(O10/P10+U10/60)/24 -> 0.020833333 | X10: RD, GPS | Y10: 5-15 | Z10: Y | AA10: 3 | AB10: JP1055A | AC10: N
A11: =IF(B11="","",A9+1) -> 2 | B11: OFF KINJO BERTH | C11: 35.02 | D11: =TRUNC(C11)+((C11-TRUNC(C11))/0.6) -> 35.033333 | E11: =TRUNC(C12)+((C12-TRUNC(C12))/0.6) -> 136.84167 | F11: =ROUND(((LOG10(TAN(PI()/4+(D11/2*PI()/180)))*7915.7046)-(3437.7468*((0.0816968^2*SIN(D11*PI()/180))+(0.0816968^4/3*((SIN(D11*PI()/180))^3))+(0.0816968^6/5*((SIN(D11*PI()/180))^5))))),2) -> 2233.55 | H11: =IF(E11<0,E11+360,E11) -> 136.84167 | Q11: =IF(O10="","",Q9+O10) -> 1 | R11: =IF(O10="","",R9-O10) -> 223.8 | T11: RADAR | W11: =IF(P10="","",W9+V10) -> 0.020833333 | X11: VIS, XB | AD11: ASSIST PILOT FOR EMBARKATION
C12: 136.505 | G12: =ABS(D11-D13)*60 -> 0.65 | I12: =ABS(H11-H13)*60 -> 0.15 | J12: =ABS(F11-F13) -> 0.79 | K12: =IF(AND(D11<D13,H11=H13),0,IF(AND(D11>D13,H11=H13),180,IF(AND(D11=D13,H11<H13),90,IF(AND(D11=D13,H11>H13),270,(ATAN(I12/J12)*180/PI()))))) -> 10.750967 | L12: =IF(OR(K12=0,K12=90,K12=180,K12=270),K12,IF(AND(D11<D13,H11<H13),K12,IF(AND(D11<D13,H11>H13),360-K12,IF(AND(D11>D13,H11<H13),180-K12,IF(AND(D11>D13,H11>H13),180+K12))))) -> 169.24903 | M12: =(IF(I12=0,G12,IF(G12=0,COS(D13*PI()/180)*I12,G12/COS(K12*PI()/180)))) -> 0.66161313 | N12: =IF(C14="","",ROUND(L12,1)) -> 169.2 | O12: =IF(C14="","",ROUND(M12,1)) -> 0.7 | P12: 5 | S12: 6.9 | T12: EVERY 5 MIN | V12: =(O12/P12+U12/60)/24 -> 0.0058333333 | X12: RD, GPS | Y12: 5-15 | Z12: Y | AA12: 3 | AB12: JP1055A | AC12: N
A13: =IF(B13="","",A11+1) -> 3 | B13: E-PASSAGE BY' NO. 11 & 12 (N) | C13: 35.0135 | D13: =TRUNC(C13)+((C13-TRUNC(C13))/0.6) -> 35.0225 | E13: =TRUNC(C14)+((C14-TRUNC(C14))/0.6) -> 136.84417 | F13: =ROUND(((LOG10(TAN(PI()/4+(D13/2*PI()/180)))*7915.7046)-(3437.7468*((0.0816968^2*SIN(D13*PI()/180))+(0.0816968^4/3*((SIN(D13*PI()/180))^3))+(0.0816968^6/5*((SIN(D13*PI()/180))^5))))),2) -> 2232.76 | H13: =IF(E13<0,E13+360,E13) -> 136.84417 | Q13: =IF(O12="","",Q11+O12) -> 1.7 | R13: =IF(O12="","",R11-O12) -> 223.1 | T13: RADAR | W13: =IF(P12="","",W11+V12) -> 0.026666667 | X13: VIS, XB | AD13: DON'T HESITATE TO ADVISE ANY DOUBT OBSERVED TO MASTER OR PILOT
C14: 136.5065 | G14: =ABS(D13-D15)*60 -> 4.15 | I14: =ABS(H13-H15)*60 -> 3.35 | J14: =ABS(F13-F15) -> 5.05 | K14: =IF(AND(D13<D15,H13=H15),0,IF(AND(D13>D15,H13=H15),180,IF(AND(D13=D15,H13<H15),90,IF(AND(D13=D15,H13>H15),270,(ATAN(I14/J14)*180/PI()))))) -> 33.558956 | L14: =IF(OR(K14=0,K14=90,K14=180,K14=270),K14,IF(AND(D13<D15,H13<H15),K14,IF(AND(D13<D15,H13>H15),360-K14,IF(AND(D13>D15,H13<H15),180-K14,IF(AND(D13>D15,H13>H15),180+K14))))) -> 213.55896 | M14: =(IF(I14=0,G14,IF(G14=0,COS(D15*PI()/180)*I14,G14/COS(K14*PI()/180)))) -> 4.9800949 | N14: =IF(C16="","",ROUND(L14,1)) -> 213.6 | O14: =IF(C16="","",ROUND(M14,1)) -> 5 | P14: 12 | S14: 6 | T14: EVERY 5 MIN | V14: =(O14/P14+U14/60)/24 -> 0.017361111 | X14: RD, GPS | Y14: 5-15 | Z14: Y | AA14: 3 | AB14: JP1055A | AC14: N
A15: =IF(B15="","",A13+1) -> 4 | B15: E-PASSAGE BY' NO. 2 | C15: 34.572 | D15: =TRUNC(C15)+((C15-TRUNC(C15))/0.6) -> 34.953333 | E15: =TRUNC(C16)+((C16-TRUNC(C16))/0.6) -> 136.78833 | F15: =ROUND(((LOG10(TAN(PI()/4+(D15/2*PI()/180)))*7915.7046)-(3437.7468*((0.0816968^2*SIN(D15*PI()/180))+(0.0816968^4/3*((SIN(D15*PI()/180))^3))+(0.0816968^6/5*((SIN(D15*PI()/180))^5))))),2) -> 2227.71 | H15: =IF(E15<0,E15+360,E15) -> 136.78833 | Q15: =IF(O14="","",Q13+O14) -> 6.7 | R15: =IF(O14="","",R13-O14) -> 218.1 | T15: RADAR | W15: =IF(P14="","",W13+V14) -> 0.044027778 | X15: VIS, XB | AD15: MAINTAIN LISTEN W/ NAGOYA KO VESSEL TRAFFIC ROUTES THRU VHF CH. 16 FOR SAFETY OF NAVIGATION
C16: 136.473 | G16: =ABS(D15-D17)*60 -> 1.65 | I16: =ABS(H15-H17)*60 -> 1.5 | J16: =ABS(F15-F17) -> 2 | K16: =IF(AND(D15<D17,H15=H17),0,IF(AND(D15>D17,H15=H17),180,IF(AND(D15=D17,H15<H17),90,IF(AND(D15=D17,H15>H17),270,(ATAN(I16/J16)*180/PI()))))) -> 36.869898 | L16: =IF(OR(K16=0,K16=90,K16=180,K16=270),K16,IF(AND(D15<D17,H15<H17),K16,IF(AND(D15<D17,H15>H17),360-K16,IF(AND(D15>D17,H15<H17),180-K16,IF(AND(D15>D17,H15>H17),180+K16))))) -> 216.8699 | M16: =(IF(I16=0,G16,IF(G16=0,COS(D17*PI()/180)*I16,G16/COS(K16*PI()/180)))) -> 2.0625 | N16: =IF(C18="","",ROUND(L16,1)) -> 216.9 | O16: =IF(C18="","",ROUND(M16,1)) -> 2.1 | P16: 12 | S16: 8.3 | T16: EVERY 5 MIN | V16: =(O16/P16+U16/60)/24 -> 0.0072916667 | X16: RD, GPS | Y16: 5-15 | Z16: Y | AA16: 3 | AB16: JP1055B | AC16: N
A17: =IF(B17="","",A15+1) -> 5 | B17: NGO P/STN (INNER-OUT BOUND) | C17: 34.5555 | D17: =TRUNC(C17)+((C17-TRUNC(C17))/0.6) -> 34.925833 | E17: =TRUNC(C18)+((C18-TRUNC(C18))/0.6) -> 136.76333 | F17: =ROUND(((LOG10(TAN(PI()/4+(D17/2*PI()/180)))*7915.7046)-(3437.7468*((0.0816968^2*SIN(D17*PI()/180))+(0.0816968^4/3*((SIN(D17*PI()/180))^3))+(0.0816968^6/5*((SIN(D17*PI()/180))^5))))),2) -> 2225.71 | H17: =IF(E17<0,E17+360,E17) -> 136.76333 | Q17: =IF(O16="","",Q15+O16) -> 8.8 | R17: =IF(O16="","",R15-O16) -> 216 | T17: RADAR | W17: =IF(P16="","",W15+V16) -> 0.051319444 | X17: VIS, XB | AD17: KEEP CLEAR OF "NO GO AREA" EXECUTE EXTREME CAUTION WHEN PASSING NARROW/SHALLOW AREAS
C18: 136.458 | G18: =ABS(D17-D19)*60 -> 7.9 | I18: =ABS(H17-H19)*60 -> 0 | J18: =ABS(F17-F19) -> 9.58 | K18: =IF(AND(D17<D19,H17=H19),0,IF(AND(D17>D19,H17=H19),180,IF(AND(D17=D19,H17<H19),90,IF(AND(D17=D19,H17>H19),270,(ATAN(I18/J18)*180/PI()))))) -> 180 | L18: =IF(OR(K18=0,K18=90,K18=180,K18=270),K18,IF(AND(D17<D19,H17<H19),K18,IF(AND(D17<D19,H17>H19),360-K18,IF(AND(D17>D19,H17<H19),180-K18,IF(AND(D17>D19,H17>H19),180+K18))))) -> 180 | M18: =(IF(I18=0,G18,IF(G18=0,COS(D19*PI()/180)*I18,G18/COS(K18*PI()/180)))) -> 7.9 | N18: =IF(C20="","",ROUND(L18,1)) -> 180 | O18: =IF(C20="","",ROUND(M18,1)) -> 7.9 | P18: 12 | S18: 15.5 | T18: EVERY 5MIN. | V18: =(O18/P18+U18/60)/24 -> 0.027430556 | X18: RD, GPS | Y18: 5-15 | Z18: Y | AA18: 3 | AB18: JP1055B | AC18: N
A19: =IF(B19="","",A17+1) -> 6 | B19: ISEWAN BY BY' NO. 5 | C19: 34.4765 | D19: =TRUNC(C19)+((C19-TRUNC(C19))/0.6) -> 34.794167 | E19: =TRUNC(C20)+((C20-TRUNC(C20))/0.6) -> 136.76333 | F19: =ROUND(((LOG10(TAN(PI()/4+(D19/2*PI()/180)))*7915.7046)-(3437.7468*((0.0816968^2*SIN(D19*PI()/180))+(0.0816968^4/3*((SIN(D19*PI()/180))^3))+(0.0816968^6/5*((SIN(D19*PI()/180))^5))))),2) -> 2216.13 | H19: =IF(E19<0,E19+360,E19) -> 136.76333 | Q19: =IF(O18="","",Q17+O18) -> 16.7 | R19: =IF(O18="","",R17-O18) -> 208.1 | T19: RADAR | W19: =IF(P18="","",W17+V18) -> 0.07875 | X19: VIS, XB | AD19: ALWAYS CHECK ALL NAVIGATIONAL EQUIPMENT SUCH AS STEEEING GEAR, MAGNETIC COMPASS ETC.
C20: 136.458 | G20: =ABS(D19-D21)*60 -> 7.65 | I20: =ABS(H19-H21)*60 -> 4.5 | J20: =ABS(F19-F21) -> 9.27 | K20: =IF(AND(D19<D21,H19=H21),0,IF(AND(D19>D21,H19=H21),180,IF(AND(D19=D21,H19<H21),90,IF(AND(D19=D21,H19>H21),270,(ATAN(I20/J20)*180/PI()))))) -> 25.893647 | L20: =IF(OR(K20=0,K20=90,K20=180,K20=270),K20,IF(AND(D19<D21,H19<H21),K20,IF(AND(D19<D21,H19>H21),360-K20,IF(AND(D19>D21,H19<H21),180-K20,IF(AND(D19>D21,H19>H21),180+K20))))) -> 154.10635 | M20: =(IF(I20=0,G20,IF(G20=0,COS(D21*PI()/180)*I20,G20/COS(K20*PI()/180)))) -> 8.5037208 | N20: =IF(C22="","",ROUND(L20,1)) -> 154.1 | O20: =IF(C22="","",ROUND(M20,1)) -> 8.5 | P20: 12 | S20: 17 | T20: EVERY 5 MIN | V20: =(O20/P20+U20/60)/24 -> 0.029513889 | X20: RD, GPS | Y20: 5-15 | Z20: Y | AA20: 3 | AB20: JP95 | AC20: N
A21: =IF(B21="","",A19+1) -> 7 | B21: ISEWAN BY' NO. 4 | C21: 34.4 | D21: =TRUNC(C21)+((C21-TRUNC(C21))/0.6) -> 34.666667 | E21: =TRUNC(C22)+((C22-TRUNC(C22))/0.6) -> 136.83833 | F21: =ROUND(((LOG10(TAN(PI()/4+(D21/2*PI()/180)))*7915.7046)-(3437.7468*((0.0816968^2*SIN(D21*PI()/180))+(0.0816968^4/3*((SIN(D21*PI()/180))^3))+(0.0816968^6/5*((SIN(D21*PI()/180))^5))))),2) -> 2206.86 | H21: =IF(E21<0,E21+360,E21) -> 136.83833 | Q21: =IF(O20="","",Q19+O20) -> 25.2 | R21: =IF(O20="","",R19-O20) -> 199.6 | T21: RADAR/GPS | W21: =IF(P20="","",W19+V20) -> 0.10826389 | X21: VIS, XB | AD21: CHECK COMPASS ERROR ATLEAST ONCE DURING DUTY PERIOD
C22: 136.503 | G22: =ABS(D21-D23)*60 -> 4.85 | I22: =ABS(H21-H23)*60 -> 7.85 | J22: =ABS(F21-F23) -> 5.87 | K22: =IF(AND(D21<D23,H21=H23),0,IF(AND(D21>D23,H21=H23),180,IF(AND(D21=D23,H21<H23),90,IF(AND(D21=D23,H21>H23),270,(ATAN(I22/J22)*180/PI()))))) -> 53.211937 | L22: =IF(OR(K22=0,K22=90,K22=180,K22=270),K22,IF(AND(D21<D23,H21<H23),K22,IF(AND(D21<D23,H21>H23),360-K22,IF(AND(D21>D23,H21<H23),180-K22,IF(AND(D21>D23,H21>H23),180+K22))))) -> 126.78806 | M22: =(IF(I22=0,G22,IF(G22=0,COS(D23*PI()/180)*I22,G22/COS(K22*PI()/180)))) -> 8.0987646 | N22: =IF(C24="","",ROUND(L22,1)) -> 126.8 | O22: =IF(C24="","",ROUND(M22,1)) -> 8.1 | P22: 12 | S22: E | T22: EVERY 5MIN. | V22: =(O22/P22+U22/60)/24 -> 0.028125 | X22: RD, GPS | Y22: 5-15 | Z22: Y | AA22: 3 | AB22: JP1053 | AC22: N
A23: =IF(B23="","",A21+1) -> 8 | B23: ISEWAN BY' NO. 3 | C23: 34.3515 | D23: =TRUNC(C23)+((C23-TRUNC(C23))/0.6) -> 34.585833 | E23: =TRUNC(C24)+((C24-TRUNC(C24))/0.6) -> 136.96917 | F23: =ROUND(((LOG10(TAN(PI()/4+(D23/2*PI()/180)))*7915.7046)-(3437.7468*((0.0816968^2*SIN(D23*PI()/180))+(0.0816968^4/3*((SIN(D23*PI()/180))^3))+(0.0816968^6/5*((SIN(D23*PI()/180))^5))))),2) -> 2200.99 | H23: =IF(E23<0,E23+360,E23) -> 136.96917 | Q23: =IF(O22="","",Q21+O22) -> 33.3 | R23: =IF(O22="","",R21-O22) -> 191.5 | T23: RADAR/GPS | W23: =IF(P22="","",W21+V22) -> 0.13638889 | X23: VIS, XB | AD23: CONTINUES LISTENING WATCH ON VHF CH. 16 WHILE INSIDE IN ISEWAN BAY FOR FURTHER SAFETY INFORMATION
C24: 136.5815 | G24: =ABS(D23-D25)*60 -> 4.35 | I24: =ABS(H23-H25)*60 -> 5.45 | J24: =ABS(F23-F25) -> 5.25 | K24: =IF(AND(D23<D25,H23=H25),0,IF(AND(D23>D25,H23=H25),180,IF(AND(D23=D25,H23<H25),90,IF(AND(D23=D25,H23>H25),270,(ATAN(I24/J24)*180/PI()))))) -> 46.070824 | L24: =IF(OR(K24=0,K24=90,K24=180,K24=270),K24,IF(AND(D23<D25,H23<H25),K24,IF(AND(D23<D25,H23>H25),360-K24,IF(AND(D23>D25,H23<H25),180-K24,IF(AND(D23>D25,H23>H25),180+K24))))) -> 133.92918 | M24: =(IF(I24=0,G24,IF(G24=0,COS(D25*PI()/180)*I24,G24/COS(K24*PI()/180)))) -> 6.2701017 | N24: =IF(C26="","",ROUND(L24,1)) -> 133.9 | O24: =IF(C26="","",ROUND(M24,1)) -> 6.3 | P24: 12 | S24: E | T24: EVERY 5MIN. | V24: =(O24/P24+U24/60)/24 -> 0.021875 | X24: RD, GPS | Y24: 5-15 | Z24: Y | AA24: 3 | AB24: JP1053 | AC24: N
A25: =IF(B25="","",A23+1) -> 9 | B25: ISEWAN BY' NO. 1 (SEABUOY)P/STN | C25: 34.308 | D25: =TRUNC(C25)+((C25-TRUNC(C25))/0.6) -> 34.513333 | E25: =TRUNC(C26)+((C26-TRUNC(C26))/0.6) -> 137.06 | F25: =ROUND(((LOG10(TAN(PI()/4+(D25/2*PI()/180)))*7915.7046)-(3437.7468*((0.0816968^2*SIN(D25*PI()/180))+(0.0816968^4/3*((SIN(D25*PI()/180))^3))+(0.0816968^6/5*((SIN(D25*PI()/180))^5))))),2) -> 2195.74 | H25: =IF(E25<0,E25+360,E25) -> 137.06 | Q25: =IF(O24="","",Q23+O24) -> 39.6 | R25: =IF(O24="","",R23-O24) -> 185.2 | T25: RADR/GPS | W25: =IF(P24="","",W23+V24) -> 0.15826389 | X25: VIS, XB | AB25: JP1051 | AD25: KEEP A SHARP LOOKOUT WHEN PASSING IRAGO CHANNEL VARIOUS VESSEL CROSSING
C26: 137.036 | G26: =ABS(D25-D27)*60 -> 1.8 | I26: =ABS(H25-H27)*60 -> 6.4 | J26: =ABS(F25-F27) -> 2.18 | K26: =IF(AND(D25<D27,H25=H27),0,IF(AND(D25>D27,H25=H27),180,IF(AND(D25=D27,H25<H27),90,IF(AND(D25=D27,H25>H27),270,(ATAN(I26/J26)*180/PI()))))) -> 71.189874 | L26: =IF(OR(K26=0,K26=90,K26=180,K26=270),K26,IF(AND(D25<D27,H25<H27),K26,IF(AND(D25<D27,H25>H27),360-K26,IF(AND(D25>D27,H25<H27),180-K26,IF(AND(D25>D27,H25>H27),180+K26))))) -> 108.81013 | M26: =(IF(I26=0,G26,IF(G26=0,COS(D27*PI()/180)*I26,G26/COS(K26*PI()/180)))) -> 5.5825552 | N26: =IF(C28="","",ROUND(L26,1)) -> 108.8 | O26: =IF(C28="","",ROUND(M26,1)) -> 5.6 | P26: 16 | S26: E | T26: EVERY 5MIN. | V26: =(O26/P26+U26/60)/24 -> 0.014583333 | X26: RD, GPS | Y26: 5-15 | Z26: Y | AA26: 3 | AB26: JP1064 | AC26: N
A27: =IF(B27="","",A25+1) -> 10 | B27: FISH HAVEN | C27: 34.29 | D27: =TRUNC(C27)+((C27-TRUNC(C27))/0.6) -> 34.483333 | E27: =TRUNC(C28)+((C28-TRUNC(C28))/0.6) -> 137.16667 | F27: =ROUND(((LOG10(TAN(PI()/4+(D27/2*PI()/180)))*7915.7046)-(3437.7468*((0.0816968^2*SIN(D27*PI()/180))+(0.0816968^4/3*((SIN(D27*PI()/180))^3))+(0.0816968^6/5*((SIN(D27*PI()/180))^5))))),2) -> 2193.56 | H27: =IF(E27<0,E27+360,E27) -> 137.16667 | Q27: =IF(O26="","",Q25+O26) -> 45.2 | R27: =IF(O26="","",R25-O26) -> 179.6 | T27: RADAR/GPS | W27: =IF(P26="","",W25+V26) -> 0.17284722 | X27: VIS, XB | AD27: 3 HRS PRIOR CALL URAGA CHANNEL PILOT ON VHF CH. 12/68 & TOKYO MARTIS VHF CH. 16/13/14/22
C28: 137.1 | G28: =ABS(D27-D29)*60 -> 8 | I28: =ABS(H27-H29)*60 -> 66 | J28: =ABS(F27-F29) -> 9.65 | K28: =IF(AND(D27<D29,H27=H29),0,IF(AND(D27>D29,H27=H29),180,IF(AND(D27=D29,H27<H29),90,IF(AND(D27=D29,H27>H29),270,(ATAN(I28/J28)*180/PI()))))) -> 81.681605 | L28: =IF(OR(K28=0,K28=90,K28=180,K28=270),K28,IF(AND(D27<D29,H27<H29),K28,IF(AND(D27<D29,H27>H29),360-K28,IF(AND(D27>D29,H27<H29),180-K28,IF(AND(D27>D29,H27>H29),180+K28))))) -> 98.318395 | M28: =(IF(I28=0,G28,IF(G28=0,COS(D29*PI()/180)*I28,G28/COS(K28*PI()/180)))) -> 55.296782 | N28: =IF(C30="","",ROUND(L28,1)) -> 98.3 | O28: =IF(C30="","",ROUND(M28,1)) -> 55.3 | P28: 16 | S28: E | T28: EVERY 5 MIN | V28: =(O28/P28+U28/60)/24 -> 0.14401042 | X28: RD, GPS | Y28: 15-30 | Z28: N | AA28: 2 | AB28: JP70 / 996 | AC28: Y/N
A29: =IF(B29="","",A27+1) -> 11 | B29: OMAE SAKI | C29: 34.21 | D29: =TRUNC(C29)+((C29-TRUNC(C29))/0.6) -> 34.35 | E29: =TRUNC(C30)+((C30-TRUNC(C30))/0.6) -> 138.26667 | F29: =ROUND(((LOG10(TAN(PI()/4+(D29/2*PI()/180)))*7915.7046)-(3437.7468*((0.0816968^2*SIN(D29*PI()/180))+(0.0816968^4/3*((SIN(D29*PI()/180))^3))+(0.0816968^6/5*((SIN(D29*PI()/180))^5))))),2) -> 2183.91 | H29: =IF(E29<0,E29+360,E29) -> 138.26667 | Q29: =IF(O28="","",Q27+O28) -> 100.5 | R29: =IF(O28="","",R27-O28) -> 124.3 | T29: RADAR/GPS | W29: =IF(P28="","",W27+V28) -> 0.31685764 | X29: VIS, XB | AD29: ALWAYS CHECK ALL NAVIGATIONAL EQUIPMENT SUCH AS STEEEING GEAR, MAGNETIC COMPASS ETC.
C30: 138.16 | G30: =ABS(D29-D31)*60 -> 0 | I30: =ABS(H29-H31)*60 -> 32 | J30: =ABS(F29-F31) -> 0 | K30: =IF(AND(D29<D31,H29=H31),0,IF(AND(D29>D31,H29=H31),180,IF(AND(D29=D31,H29<H31),90,IF(AND(D29=D31,H29>H31),270,(ATAN(I30/J30)*180/PI()))))) -> 90 | L30: =IF(OR(K30=0,K30=90,K30=180,K30=270),K30,IF(AND(D29<D31,H29<H31),K30,IF(AND(D29<D31,H29>H31),360-K30,IF(AND(D29>D31,H29<H31),180-K30,IF(AND(D29>D31,H29>H31),180+K30))))) -> 90 | M30: =(IF(I30=0,G30,IF(G30=0,COS(D31*PI()/180)*I30,G30/COS(K30*PI()/180)))) -> 26.419399 | N30: =IF(C32="","",ROUND(L30,1)) -> 90 | O30: =IF(C32="","",ROUND(M30,1)) -> 26.4 | P30: 16 | S30: E | T30: EVERY 15 MIN | V30: =(O30/P30+U30/60)/24 -> 0.06875 | X30: RD, GPS | Y30: 15-30 | Z30: N | AA30: 2 | AB30: JP70 | AC30: Y/N
A31: =IF(B31="","",A29+1) -> 12 | B31: MIKOMOTO SHIMA | C31: 34.21 | D31: =TRUNC(C31)+((C31-TRUNC(C31))/0.6) -> 34.35 | E31: =TRUNC(C32)+((C32-TRUNC(C32))/0.6) -> 138.8 | F31: =ROUND(((LOG10(TAN(PI()/4+(D31/2*PI()/180)))*7915.7046)-(3437.7468*((0.0816968^2*SIN(D31*PI()/180))+(0.0816968^4/3*((SIN(D31*PI()/180))^3))+(0.0816968^6/5*((SIN(D31*PI()/180))^5))))),2) -> 2183.91 | H31: =IF(E31<0,E31+360,E31) -> 138.8 | Q31: =IF(O30="","",Q29+O30) -> 126.9 | R31: =IF(O30="","",R29-O30) -> 97.9 | T31: RADAR/GPS | W31: =IF(P30="","",W29+V30) -> 0.38560764 | X31: VIS, XB | AD31: CHECK COMPASS ERROR ATLEAST ONCE DURING DUTY PERIOD
C32: 138.48 | G32: =ABS(D31-D33)*60 -> 13 | I32: =ABS(H31-H33)*60 -> 27 | J32: =ABS(F31-F33) -> 15.69 | K32: =IF(AND(D31<D33,H31=H33),0,IF(AND(D31>D33,H31=H33),180,IF(AND(D31=D33,H31<H33),90,IF(AND(D31=D33,H31>H33),270,(ATAN(I32/J32)*180/PI()))))) -> 59.838653 | L32: =IF(OR(K32=0,K32=90,K32=180,K32=270),K32,IF(AND(D31<D33,H31<H33),K32,IF(AND(D31<D33,H31>H33),360-K32,IF(AND(D31>D33,H31<H33),180-K32,IF(AND(D31>D33,H31>H33),180+K32))))) -> 59.838653 | M32: =(IF(I32=0,G32,IF(G32=0,COS(D33*PI()/180)*I32,G32/COS(K32*PI()/180)))) -> 25.873902 | N32: =IF(C34="","",ROUND(L32,1)) -> 59.8 | O32: =IF(C34="","",ROUND(M32,1)) -> 25.9 | P32: 16 | S32: E | T32: EVERY 15 MIN | V32: =(O32/P32+U32/60)/24 -> 0.067447917 | X32: RD, GPS | Y32: 15-30 | Z32: N | AA32: 2 | AB32: JP80 | AC32: Y/N
A33: =IF(B33="","",A31+1) -> 13 | B33: TOSHIMA KO | C33: 34.34 | D33: =TRUNC(C33)+((C33-TRUNC(C33))/0.6) -> 34.566667 | E33: =TRUNC(C34)+((C34-TRUNC(C34))/0.6) -> 139.25 | F33: =ROUND(((LOG10(TAN(PI()/4+(D33/2*PI()/180)))*7915.7046)-(3437.7468*((0.0816968^2*SIN(D33*PI()/180))+(0.0816968^4/3*((SIN(D33*PI()/180))^3))+(0.0816968^6/5*((SIN(D33*PI()/180))^5))))),2) -> 2199.6 | H33: =IF(E33<0,E33+360,E33) -> 139.25 | Q33: =IF(O32="","",Q31+O32) -> 152.8 | R33: =IF(O32="","",R31-O32) -> 72 | T33: RADAR/GPS | W33: =IF(P32="","",W31+V32) -> 0.45305556 | X33: VIS, XB | AD33: ALWAYS CHECK THE CHART SATELITE DERIVED POSITION CORRECTION MAY APPLY WHEN NEEDED
C34: 139.15 | G34: =ABS(D33-D35)*60 -> 4.4 | I34: =ABS(H33-H35)*60 -> 21 | J34: =ABS(F33-F35) -> 5.32 | K34: =IF(AND(D33<D35,H33=H35),0,IF(AND(D33>D35,H33=H35),180,IF(AND(D33=D35,H33<H35),90,IF(AND(D33=D35,H33>H35),270,(ATAN(I34/J34)*180/PI()))))) -> 75.784147 | L34: =IF(OR(K34=0,K34=90,K34=180,K34=270),K34,IF(AND(D33<D35,H33<H35),K34,IF(AND(D33<D35,H33>H35),360-K34,IF(AND(D33>D35,H33<H35),180-K34,IF(AND(D33>D35,H33>H35),180+K34))))) -> 75.784147 | M34: =(IF(I34=0,G34,IF(G34=0,COS(D35*PI()/180)*I34,G34/COS(K34*PI()/180)))) -> 17.917088 | N34: =IF(C36="","",ROUND(L34,1)) -> 75.8 | O34: =IF(C36="","",ROUND(M34,1)) -> 17.9 | P34: 16 | S34: E | T34: EVERY 30 MIN | V34: =(O34/P34+U34/60)/24 -> 0.046614583 | X34: RD, GPS | Y34: 15-30 | Z34: N | AA34: 2 | AB34: JP90 | AC34: Y/N
A35: =IF(B35="","",A33+1) -> 14 | B35: O SHIMA | C35: 34.384 | D35: =TRUNC(C35)+((C35-TRUNC(C35))/0.6) -> 34.64 | E35: =TRUNC(C36)+((C36-TRUNC(C36))/0.6) -> 139.6 | F35: =ROUND(((LOG10(TAN(PI()/4+(D35/2*PI()/180)))*7915.7046)-(3437.7468*((0.0816968^2*SIN(D35*PI()/180))+(0.0816968^4/3*((SIN(D35*PI()/180))^3))+(0.0816968^6/5*((SIN(D35*PI()/180))^5))))),2) -> 2204.92 | H35: =IF(E35<0,E35+360,E35) -> 139.6 | Q35: =IF(O34="","",Q33+O34) -> 170.7 | R35: =IF(O34="","",R33-O34) -> 54.1 | T35: RADAR/GPS | W35: =IF(P34="","",W33+V34) -> 0.49967014 | X35: VIS, XB | AD35: CONTINUES LISTENING WATCH ON VHF CH. 16 WHILE IN INLAND SEA FOR FURTHER SAFETY INFORMATION
C36: 139.36 | G36: =ABS(D35-D37)*60 -> 20.1 | I36: =ABS(H35-H37)*60 -> 6 | J36: =ABS(F35-F37) -> 24.37 | K36: =IF(AND(D35<D37,H35=H37),0,IF(AND(D35>D37,H35=H37),180,IF(AND(D35=D37,H35<H37),90,IF(AND(D35=D37,H35>H37),270,(ATAN(I36/J36)*180/PI()))))) -> 13.831379 | L36: =IF(OR(K36=0,K36=90,K36=180,K36=270),K36,IF(AND(D35<D37,H35<H37),K36,IF(AND(D35<D37,H35>H37),360-K36,IF(AND(D35>D37,H35<H37),180-K36,IF(AND(D35>D37,H35>H37),180+K36))))) -> 13.831379 | M36: =(IF(I36=0,G36,IF(G36=0,COS(D37*PI()/180)*I36,G36/COS(K36*PI()/180)))) -> 20.700234 | N36: =IF(C38="","",ROUND(L36,1)) -> 13.8 | O36: =IF(C38="","",ROUND(M36,1)) -> 20.7 | P36: 12 | S36: E | T36: EVERY 30 MIN | V36: =(O36/P36+U36/60)/24 -> 0.071875 | X36: RD, GPS | Y36: 15-30 | Z36: N | AA36: 2 | AB36: JP90 | AC36: N
A37: =IF(B37="","",A35+1) -> 15 | B37: SUNO SAKI | C37: 34.585 | D37: =TRUNC(C37)+((C37-TRUNC(C37))/0.6) -> 34.975 | E37: =TRUNC(C38)+((C38-TRUNC(C38))/0.6) -> 139.7 | F37: =ROUND(((LOG10(TAN(PI()/4+(D37/2*PI()/180)))*7915.7046)-(3437.7468*((0.0816968^2*SIN(D37*PI()/180))+(0.0816968^4/3*((SIN(D37*PI()/180))^3))+(0.0816968^6/5*((SIN(D37*PI()/180))^5))))),2) -> 2229.29 | H37: =IF(E37<0,E37+360,E37) -> 139.7 | Q37: =IF(O36="","",Q35+O36) -> 191.4 | R37: =IF(O36="","",R35-O36) -> 33.4 | T37: GPS | W37: =IF(P36="","",W35+V36) -> 0.57154514 | X37: VIS, XB | AD37: CHECK RADAR, ECDIS, GPS, GYRO COMPASS & OTEHER NAV. EQUIPMENT REGULARLY
C38: 139.42 | G38: =ABS(D37-D39)*60 -> 6.8 | I38: =ABS(H37-H39)*60 -> 3.3 | J38: =ABS(F37-F39) -> 8.27 | K38: =IF(AND(D37<D39,H37=H39),0,IF(AND(D37>D39,H37=H39),180,IF(AND(D37=D39,H37<H39),90,IF(AND(D37=D39,H37>H39),270,(ATAN(I38/J38)*180/PI()))))) -> 21.753613 | L38: =IF(OR(K38=0,K38=90,K38=180,K38=270),K38,IF(AND(D37<D39,H37<H39),K38,IF(AND(D37<D39,H37>H39),360-K38,IF(AND(D37>D39,H37<H39),180-K38,IF(AND(D37>D39,H37>H39),180+K38))))) -> 21.753613 | M38: =(IF(I38=0,G38,IF(G38=0,COS(D39*PI()/180)*I38,G38/COS(K38*PI()/180)))) -> 7.3213837 | N38: =IF(C40="","",ROUND(L38,1)) -> 21.8 | O38: =IF(C40="","",ROUND(M38,1)) -> 7.3 | P38: 12 | S38: E | T38: EVERY 1 HR. | V38: =(O38/P38+U38/60)/24 -> 0.025347222 | X38: RD, GPS | Y38: 5-15 | Z38: Y | AA38: 3 | AB38: JP90 | AC38: N
A39: =IF(B39="","",A37+1) -> 16 | B39: UKI SHIMA | C39: 35.053 | D39: =TRUNC(C39)+((C39-TRUNC(C39))/0.6) -> 35.088333 | E39: =TRUNC(C40)+((C40-TRUNC(C40))/0.6) -> 139.755 | F39: =ROUND(((LOG10(TAN(PI()/4+(D39/2*PI()/180)))*7915.7046)-(3437.7468*((0.0816968^2*SIN(D39*PI()/180))+(0.0816968^4/3*((SIN(D39*PI()/180))^3))+(0.0816968^6/5*((SIN(D39*PI()/180))^5))))),2) -> 2237.56 | H39: =IF(E39<0,E39+360,E39) -> 139.755 | Q39: =IF(O38="","",Q37+O38) -> 198.7 | R39: =IF(O38="","",R37-O38) -> 26.1 | T39: GPS | W39: =IF(P38="","",W37+V38) -> 0.59689236 | X39: VIS, XB | AD39: REPORT TO TOKYO MARTIS ON VHF CH.16 OR 13 WHEN CROSSING LINE OR ABEAM OF HAMAKANAYA
C40: 139.453 | G40: =ABS(D39-D41)*60 -> 5.2 | I40: =ABS(H39-H41)*60 -> 1.4 | J40: =ABS(F39-F41) -> 6.33 | K40: =IF(AND(D39<D41,H39=H41),0,IF(AND(D39>D41,H39=H41),180,IF(AND(D39=D41,H39<H41),90,IF(AND(D39=D41,H39>H41),270,(ATAN(I40/J40)*180/PI()))))) -> 12.471291 | L40: =IF(OR(K40=0,K40=90,K40=180,K40=270),K40,IF(AND(D39<D41,H39<H41),K40,IF(AND(D39<D41,H39>H41),360-K40,IF(AND(D39>D41,H39<H41),180-K40,IF(AND(D39>D41,H39>H41),180+K40))))) -> 12.471291 | M40: =(IF(I40=0,G40,IF(G40=0,COS(D41*PI()/180)*I40,G40/COS(K40*PI()/180)))) -> 5.3256626 | N40: =IF(C42="","",ROUND(L40,1)) -> 12.5 | O40: =IF(C42="","",ROUND(M40,1)) -> 5.3 | P40: 12 | S40: E | T40: EVERY 1 HR. | V40: =(O40/P40+U40/60)/24 -> 0.018402778 | X40: RD, GPS | Y40: 5-15 | Z40: Y | AA40: 3 | AB40: JP90 | AC40: N
A41: =IF(B41="","",A39+1) -> 17 | B41: URAGA P/STATION | C41: 35.105 | D41: =TRUNC(C41)+((C41-TRUNC(C41))/0.6) -> 35.175 | E41: =TRUNC(C42)+((C42-TRUNC(C42))/0.6) -> 139.77833 | F41: =ROUND(((LOG10(TAN(PI()/4+(D41/2*PI()/180)))*7915.7046)-(3437.7468*((0.0816968^2*SIN(D41*PI()/180))+(0.0816968^4/3*((SIN(D41*PI()/180))^3))+(0.0816968^6/5*((SIN(D41*PI()/180))^5))))),2) -> 2243.89 | H41: =IF(E41<0,E41+360,E41) -> 139.77833 | Q41: =IF(O40="","",Q39+O40) -> 204 | R41: =IF(O40="","",R39-O40) -> 20.8 | T41: RADAR/GPS | W41: =IF(P40="","",W39+V40) -> 0.61529514 | X41: VIS, XB | AB41: JP1062 | AD41: AWARE OF NO GO AREAS INDICATED ON THE CHART
C42: 139.467 | G42: =ABS(D41-D43)*60 -> 2.2 | I42: =ABS(H41-H43)*60 -> 0.2 | J42: =ABS(F41-F43) -> 2.68 | K42: =IF(AND(D41<D43,H41=H43),0,IF(AND(D41>D43,H41=H43),180,IF(AND(D41=D43,H41<H43),90,IF(AND(D41=D43,H41>H43),270,(ATAN(I42/J42)*180/PI()))))) -> 4.2678933 | L42: =IF(OR(K42=0,K42=90,K42=180,K42=270),K42,IF(AND(D41<D43,H41<H43),K42,IF(AND(D41<D43,H41>H43),360-K42,IF(AND(D41>D43,H41<H43),180-K42,IF(AND(D41>D43,H41>H43),180+K42))))) -> 4.2678933 | M42: =(IF(I42=0,G42,IF(G42=0,COS(D43*PI()/180)*I42,G42/COS(K42*PI()/180)))) -> 2.2061176 | N42: =IF(C44="","",ROUND(L42,1)) -> 4.3 | O42: =IF(C44="","",ROUND(M42,1)) -> 2.2 | P42: 12 | S42: E | T42: EVERY 30 MIN | V42: =(O42/P42+U42/60)/24 -> 0.0076388889 | X42: RD, GPS | Y42: 5-15 | Z42: Y | AA42: 3 | AB42: JP1081 | AC42: N
A43: =IF(B43="","",A41+1) -> 18 | B43: URAGA BY' NO. 1 | C43: 35.127 | D43: =TRUNC(C43)+((C43-TRUNC(C43))/0.6) -> 35.211667 | E43: =TRUNC(C44)+((C44-TRUNC(C44))/0.6) -> 139.78167 | F43: =ROUND(((LOG10(TAN(PI()/4+(D43/2*PI()/180)))*7915.7046)-(3437.7468*((0.0816968^2*SIN(D43*PI()/180))+(0.0816968^4/3*((SIN(D43*PI()/180))^3))+(0.0816968^6/5*((SIN(D43*PI()/180))^5))))),2) -> 2246.57 | H43: =IF(E43<0,E43+360,E43) -> 139.78167 | Q43: =IF(O42="","",Q41+O42) -> 206.2 | R43: =IF(O42="","",R41-O42) -> 18.6 | T43: RADAR/GPS | W43: =IF(P42="","",W41+V42) -> 0.62293403 | X43: VIS, XB | AB43: JP1062 | AD43: AWARE OF PARALLEL INDEX ATTACHED IN THE CHART
C44: 139.469 | G44: =ABS(D43-D45)*60 -> 2.66 | I44: =ABS(H43-H45)*60 -> 0 | J44: =ABS(F43-F45) -> 3.24 | K44: =IF(AND(D43<D45,H43=H45),0,IF(AND(D43>D45,H43=H45),180,IF(AND(D43=D45,H43<H45),90,IF(AND(D43=D45,H43>H45),270,(ATAN(I44/J44)*180/PI()))))) -> 0 | L44: =IF(OR(K44=0,K44=90,K44=180,K44=270),K44,IF(AND(D43<D45,H43<H45),K44,IF(AND(D43<D45,H43>H45),360-K44,IF(AND(D43>D45,H43<H45),180-K44,IF(AND(D43>D45,H43>H45),180+K44))))) -> 0 | M44: =(IF(I44=0,G44,IF(G44=0,COS(D45*PI()/180)*I44,G44/COS(K44*PI()/180)))) -> 2.66 | N44: =IF(C46="","",ROUND(L44,1)) -> 0 | O44: =IF(C46="","",ROUND(M44,1)) -> 2.7 | P44: 12 | S44: E | T44: EVERY 15 MIN | V44: =(O44/P44+U44/60)/24 -> 0.009375 | X44: RD, GPS | Y44: 5-15 | Z44: Y | AA44: 3 | AB44: JP1081 | AC44: N
A45: =IF(B45="","",A43+1) -> 19 | B45: URAGA BY' NO. 2 | C45: 35.1536 | D45: =TRUNC(C45)+((C45-TRUNC(C45))/0.6) -> 35.256 | E45: =TRUNC(C46)+((C46-TRUNC(C46))/0.6) -> 139.78167 | F45: =ROUND(((LOG10(TAN(PI()/4+(D45/2*PI()/180)))*7915.7046)-(3437.7468*((0.0816968^2*SIN(D45*PI()/180))+(0.0816968^4/3*((SIN(D45*PI()/180))^3))+(0.0816968^6/5*((SIN(D45*PI()/180))^5))))),2) -> 2249.81 | H45: =IF(E45<0,E45+360,E45) -> 139.78167 | Q45: =IF(O44="","",Q43+O44) -> 208.9 | R45: =IF(O44="","",R43-O44) -> 15.9 | T45: RADAR/GPS | W45: =IF(P44="","",W43+V44) -> 0.63230903 | X45: VIS, XB | AB45: JP1062 | AD45: LEGEND: E=ENOUGH Y=YES VIS=VISUAL RD=RADAR XD=CROSS BEARING GPS=GLOBAL POSITIONING SYSTEM N=NO
C46: 139.469 | G46: =ABS(D45-D47)*60 -> 3.34 | I46: =ABS(H45-H47)*60 -> 2.9 | J46: =ABS(F45-F47) -> 4.08 | K46: =IF(AND(D45<D47,H45=H47),0,IF(AND(D45>D47,H45=H47),180,IF(AND(D45=D47,H45<H47),90,IF(AND(D45=D47,H45>H47),270,(ATAN(I46/J46)*180/PI()))))) -> 35.404618 | L46: =IF(OR(K46=0,K46=90,K46=180,K46=270),K46,IF(AND(D45<D47,H45<H47),K46,IF(AND(D45<D47,H45>H47),360-K46,IF(AND(D45>D47,H45<H47),180-K46,IF(AND(D45>D47,H45>H47),180+K46))))) -> 324.59538 | M46: =(IF(I46=0,G46,IF(G46=0,COS(D47*PI()/180)*I46,G46/COS(K46*PI()/180)))) -> 4.0977517 | N46: =IF(C48="","",ROUND(L46,1)) -> 324.6 | O46: =IF(C48="","",ROUND(M46,1)) -> 4.1 | P46: 12 | S46: 17 | T46: EVERY 5 MIN | V46: =(O46/P46+U46/60)/24 -> 0.014236111 | X46: RD, GPS | Y46: 5-15 | Z46: Y | AA46: 3 | AB46: JP1081 | AC46: N
A47: =IF(B47="","",A45+1) -> 20 | B47: DAIN KAIHO | C47: 35.187 | D47: =TRUNC(C47)+((C47-TRUNC(C47))/0.6) -> 35.311667 | E47: =TRUNC(C48)+((C48-TRUNC(C48))/0.6) -> 139.73333 | F47: =ROUND(((LOG10(TAN(PI()/4+(D47/2*PI()/180)))*7915.7046)-(3437.7468*((0.0816968^2*SIN(D47*PI()/180))+(0.0816968^4/3*((SIN(D47*PI()/180))^3))+(0.0816968^6/5*((SIN(D47*PI()/180))^5))))),2) -> 2253.89 | H47: =IF(E47<0,E47+360,E47) -> 139.73333 | Q47: =IF(O46="","",Q45+O46) -> 213 | R47: =IF(O46="","",R45-O46) -> 11.8 | W47: =IF(P46="","",W45+V46) -> 0.64654514 | X47: VIS, XB
C48: 139.44 | S48: E | X48: RD, GPS | Y48: 5-15 | Z48: Y | AA48: 3 | AB48: JP1081 | AC48: N
A49: PASSAGE PLAN | B49: NAGOYA BERTH (KINJO) | C49: 35.03 | P49: FROM: | Q49: =Q1 -> 0 | T49: =T1 -> 0
C50: 136.51 | P50: TO : | Q50: =Q2 -> 0 | T50: =T2 -> 0
A51: =A3 -> DATE :17 AUG. 2021 | AD51: =AD3 -> AVE.SPD.16.0 KTS
A52: 3/O ________________________________ 2/O _____________________________ C/O ________________________________ MASTER ________________________________
A54: NO. | B54: WAY POINT & POSITION | N54: CO. | O54: DIST | P54: SP'D | Q54: F'M | R54: TO | S54: ESTIMATED | T54: POSITION | U54: TIME CORR. (min.) | W54: ETA/ETP (L.T.) | X54: POSITION FIX | Y54: POSITION | Z54: CALL | AA54: WATCH | AB54: CHART NO. | AC54: GARBAGE/ | AD54: REMARKS:
S55: MINIMUM (UKC) | T55: FIX SYSTEM | X55: SYSTEM | Y55: FIXING | Z55: CAPT. | AA55: LEVEL | AC55: SEWAGE/
D56: Lat | E56: Long | F56: 漸長緯度 | G56: 緯差 | H56: Long (360) | I56: 経差 | J56: 漸長緯度差 | L56: 針路 | M56: 距離 | S56: E (ENOUGH) OR | T56: PRIMARY | X56: PRIMARY | Y56: FREQUENCY | Z56: Y: | AA56: 1, 2 &3
S57: ACTUAL METER | T57: SECONDARY | X57: SECONDARY | Y57: (MIN) | Z57: YES | AC57: DISPOSAL
A58: 20 | B58: DAIN KAIHO | C58: 35.187 | D58: =TRUNC(C58)+((C58-TRUNC(C58))/0.6) -> 35.311667 | E58: =TRUNC(C59)+((C59-TRUNC(C59))/0.6) -> 139.73333 | F58: =ROUND(((LOG10(TAN(PI()/4+(D58/2*PI()/180)))*7915.7046)-(3437.7468*((0.0816968^2*SIN(D58*PI()/180))+(0.0816968^4/3*((SIN(D58*PI()/180))^3))+(0.0816968^6/5*((SIN(D58*PI()/180))^5))))),2) -> 2253.89 | H58: =IF(E58<0,E58+360,E58) -> 139.73333 | Q58: 213 | R58: 11.8 | T58: RADAR | W58: 44395.234 | X58: VIS, XB | AD58: AWARE OF NO GO AREAS INDICATED ON THE CHART
C59: 139.44 | G59: =ABS(D58-D60)*60 -> 2.1 | I59: =ABS(H58-H60)*60 -> 0.7 | J59: =ABS(F58-F60) -> 2.56 | K59: =IF(AND(D58<D60,H58=H60),0,IF(AND(D58>D60,H58=H60),180,IF(AND(D58=D60,H58<H60),90,IF(AND(D58=D60,H58>H60),270,(ATAN(I59/J59)*180/PI()))))) -> 15.292988 | L59: =IF(OR(K59=0,K59=90,K59=180,K59=270),K59,IF(AND(D58<D60,H58<H60),K59,IF(AND(D58<D60,H58>H60),360-K59,IF(AND(D58>D60,H58<H60),180-K59,IF(AND(D58>D60,H58>H60),180+K59))))) -> 15.292988 | M59: =(IF(I59=0,G59,IF(G59=0,COS(D60*PI()/180)*I59,G59/COS(K59*PI()/180)))) -> 2.1770914 | N59: =IF(C61="","",ROUND(L59,1)) -> 15.3 | O59: =IF(C61="","",ROUND(M59,1)) -> 2.2 | P59: 12 | S59: E | T59: EVERY 5 MIN | V59: =(O59/P59+U59/60)/24 -> 0.0076388889 | X59: RD, GPS | Y59: 5-15 | Z59: Y | AA59: 3 | AB59: JP1081 | AC59: N
A60: =IF(B60="","",A58+1) -> 21 | B60: NAKANOSE ROUTE | C60: 35.208 | D60: =TRUNC(C60)+((C60-TRUNC(C60))/0.6) -> 35.346667 | E60: =TRUNC(C61)+((C61-TRUNC(C61))/0.6) -> 139.745 | F60: =ROUND(((LOG10(TAN(PI()/4+(D60/2*PI()/180)))*7915.7046)-(3437.7468*((0.0816968^2*SIN(D60*PI()/180))+(0.0816968^4/3*((SIN(D60*PI()/180))^3))+(0.0816968^6/5*((SIN(D60*PI()/180))^5))))),2) -> 2256.45 | H60: =IF(E60<0,E60+360,E60) -> 139.745 | Q60: =IF(O59="","",Q58+O59) -> 215.2 | R60: =IF(O59="","",R58-O59) -> 9.6 | T60: RADAR | W60: =IF(P59="","",W58+V59) -> 44395.242 | X60: VIS, XB | AD60: AWARE OF PARALLEL INDEX ATTACHED IN THE CHART
C61: 139.447 | G61: =ABS(D60-D62)*60 -> 3.8 | I61: =ABS(H60-H62)*60 -> 1.8 | J61: =ABS(F60-F62) -> 4.64 | K61: =IF(AND(D60<D62,H60=H62),0,IF(AND(D60>D62,H60=H62),180,IF(AND(D60=D62,H60<H62),90,IF(AND(D60=D62,H60>H62),270,(ATAN(I61/J61)*180/PI()))))) -> 21.202819 | L61: =IF(OR(K61=0,K61=90,K61=180,K61=270),K61,IF(AND(D60<D62,H60<H62),K61,IF(AND(D60<D62,H60>H62),360-K61,IF(AND(D60>D62,H60<H62),180-K61,IF(AND(D60>D62,H60>H62),180+K61))))) -> 21.202819 | M61: =(IF(I61=0,G61,IF(G61=0,COS(D62*PI()/180)*I61,G61/COS(K61*PI()/180)))) -> 4.0759149 | N61: =IF(C63="","",ROUND(L61,1)) -> 21.2 | O61: =IF(C63="","",ROUND(M61,1)) -> 4.1 | P61: 12 | S61: 16 | T61: EVERY 5 MIN | V61: =(O61/P61+U61/60)/24 -> 0.014236111 | X61: RD, GPS | Y61: 5-15 | Z61: Y | AA61: 3 | AB61: JP1081 | AC61: N
A62: =IF(B62="","",A60+1) -> 22 | B62: FAIRWAY EXIT | C62: 35.246 | D62: =TRUNC(C62)+((C62-TRUNC(C62))/0.6) -> 35.41 | E62: =TRUNC(C63)+((C63-TRUNC(C63))/0.6) -> 139.775 | F62: =ROUND(((LOG10(TAN(PI()/4+(D62/2*PI()/180)))*7915.7046)-(3437.7468*((0.0816968^2*SIN(D62*PI()/180))+(0.0816968^4/3*((SIN(D62*PI()/180))^3))+(0.0816968^6/5*((SIN(D62*PI()/180))^5))))),2) -> 2261.09 | H62: =IF(E62<0,E62+360,E62) -> 139.775 | Q62: =IF(O61="","",Q60+O61) -> 219.3 | R62: =IF(O61="","",R60-O61) -> 5.5 | T62: RADAR | W62: =IF(P61="","",W60+V61) -> 44395.256 | X62: VIS, XB | AD62: ADVISE TO MASTER AND PILOT ANY DOUBT MOVEMENT
C63: 139.465 | G63: =ABS(D62-D64)*60 -> 2.15 | I63: =ABS(H62-H64)*60 -> 3.15 | J63: =ABS(F62-F64) -> 2.63 | K63: =IF(AND(D62<D64,H62=H64),0,IF(AND(D62>D64,H62=H64),180,IF(AND(D62=D64,H62<H64),90,IF(AND(D62=D64,H62>H64),270,(ATAN(I63/J63)*180/PI()))))) -> 50.140798 | L63: =IF(OR(K63=0,K63=90,K63=180,K63=270),K63,IF(AND(D62<D64,H62<H64),K63,IF(AND(D62<D64,H62>H64),360-K63,IF(AND(D62>D64,H62<H64),180-K63,IF(AND(D62>D64,H62>H64),180+K63))))) -> 309.8592 | M63: =(IF(I63=0,G63,IF(G63=0,COS(D64*PI()/180)*I63,G63/COS(K63*PI()/180)))) -> 3.3546407 | N63: =IF(C65="","",ROUND(L63,1)) -> 309.9 | O63: =IF(C65="","",ROUND(M63,1)) -> 3.4 | P63: 12 | S63: 11 | T63: EVERY 5 MIN | V63: =(O63/P63+U63/60)/24 -> 0.011805556 | X63: RD, GPS | Y63: 5-15 | Z63: Y | AA63: 3 | AB63: JP1081 | AC63: N
A64: =IF(B64="","",A62+1) -> 23 | B64: TSURUMI BY' NO. 1 & 2 | C64: 35.2675 | D64: =TRUNC(C64)+((C64-TRUNC(C64))/0.6) -> 35.445833 | E64: =TRUNC(C65)+((C65-TRUNC(C65))/0.6) -> 139.7225 | F64: =ROUND(((LOG10(TAN(PI()/4+(D64/2*PI()/180)))*7915.7046)-(3437.7468*((0.0816968^2*SIN(D64*PI()/180))+(0.0816968^4/3*((SIN(D64*PI()/180))^3))+(0.0816968^6/5*((SIN(D64*PI()/180))^5))))),2) -> 2263.72 | H64: =IF(E64<0,E64+360,E64) -> 139.7225 | Q64: =IF(O63="","",Q62+O63) -> 222.7 | R64: =IF(O63="","",R62-O63) -> 2.1 | T64: RADAR | W64: =IF(P63="","",W62+V63) -> 44395.268 | X64: VIS, XB | AD64: CHECK FOR REPORTING LINE/POINT AND REPORT TO ITS DESIGNATED PORT RADIO STATIONS'
C65: 139.4335 | G65: =ABS(D64-D66)*60 -> 0.7 | I65: =ABS(H64-H66)*60 -> 0.75 | J65: =ABS(F64-F66) -> 0.85 | K65: =IF(AND(D64<D66,H64=H66),0,IF(AND(D64>D66,H64=H66),180,IF(AND(D64=D66,H64<H66),90,IF(AND(D64=D66,H64>H66),270,(ATAN(I65/J65)*180/PI()))))) -> 41.423666 | L65: =IF(OR(K65=0,K65=90,K65=180,K65=270),K65,IF(AND(D64<D66,H64<H66),K65,IF(AND(D64<D66,H64>H66),360-K65,IF(AND(D64>D66,H64<H66),180-K65,IF(AND(D64>D66,H64>H66),180+K65))))) -> 318.57633 | M65: =(IF(I65=0,G65,IF(G65=0,COS(D66*PI()/180)*I65,G65/COS(K65*PI()/180)))) -> 0.93353516 | N65: =IF(C67="","",ROUND(L65,1)) -> 318.6 | O65: =IF(C67="","",ROUND(M65,1)) -> 0.9 | P65: 8 | S65: 11 | T65: EVERY 5 MIN | V65: =(O65/P65+U65/60)/24 -> 0.0046875 | X65: RD, GPS | Y65: 5-15 | Z65: Y | AA65: 3 | AB65: JP1081 | AC65: N
A66: =IF(B66="","",A64+1) -> 24 | B66: TOKYO GAS TERMINAL | C66: 35.2745 | D66: =TRUNC(C66)+((C66-TRUNC(C66))/0.6) -> 35.4575 | E66: =TRUNC(C67)+((C67-TRUNC(C67))/0.6) -> 139.71 | F66: =ROUND(((LOG10(TAN(PI()/4+(D66/2*PI()/180)))*7915.7046)-(3437.7468*((0.0816968^2*SIN(D66*PI()/180))+(0.0816968^4/3*((SIN(D66*PI()/180))^3))+(0.0816968^6/5*((SIN(D66*PI()/180))^5))))),2) -> 2264.57 | H66: =IF(E66<0,E66+360,E66) -> 139.71 | Q66: =IF(O65="","",Q64+O65) -> 223.6 | R66: =IF(O65="","",R64-O65) -> 1.2 | T66: RADAR | W66: =IF(P65="","",W64+V65) -> 44395.272 | X66: VIS, XB | AD66: USE LARGE SCALE CHARTS FOR FIXING GOOD POSITION
C67: 139.426 | G67: =ABS(D66-D68)*60 -> 0.5 | I67: =ABS(H66-H68)*60 -> 0.4 | J67: =ABS(F66-F68) -> 0.61 | K67: =IF(AND(D66<D68,H66=H68),0,IF(AND(D66>D68,H66=H68),180,IF(AND(D66=D68,H66<H68),90,IF(AND(D66=D68,H66>H68),270,(ATAN(I67/J67)*180/PI()))))) -> 33.254367 | L67: =IF(OR(K67=0,K67=90,K67=180,K67=270),K67,IF(AND(D66<D68,H66<H68),K67,IF(AND(D66<D68,H66>H68),360-K67,IF(AND(D66>D68,H66<H68),180-K67,IF(AND(D66>D68,H66>H68),180+K67))))) -> 326.74563 | M67: =(IF(I67=0,G67,IF(G67=0,COS(D68*PI()/180)*I67,G67/COS(K67*PI()/180)))) -> 0.59791135 | N67: =IF(C69="","",ROUND(L67,1)) -> 326.7 | O67: =IF(C69="","",ROUND(M67,1)) -> 0.6 | P67: 5 | S67: 6 | T67: EVERY 5MIN. | V67: =(O67/P67+U67/60)/24 -> 0.005 | X67: RD, GPS | Y67: 5-15 | Z67: Y | AA67: 3 | AB67: JP66 | AC67: N
A68: =IF(B68="","",A66+1) -> 25 | B68: OFF BERTH | C68: 35.2795 | D68: =TRUNC(C68)+((C68-TRUNC(C68))/0.6) -> 35.465833 | E68: =TRUNC(C69)+((C69-TRUNC(C69))/0.6) -> 139.70333 | F68: =ROUND(((LOG10(TAN(PI()/4+(D68/2*PI()/180)))*7915.7046)-(3437.7468*((0.0816968^2*SIN(D68*PI()/180))+(0.0816968^4/3*((SIN(D68*PI()/180))^3))+(0.0816968^6/5*((SIN(D68*PI()/180))^5))))),2) -> 2265.18 | H68: =IF(E68<0,E68+360,E68) -> 139.70333 | Q68: =IF(O67="","",Q66+O67) -> 224.2 | R68: =IF(O67="","",R66-O67) -> 0.6 | T68: RADAR | W68: =IF(P67="","",W66+V67) -> 44395.277 | X68: VIS, XB | AD68: ASSIST PILOT FOR EMBARKATION & DISEMBARKATION
C69: 139.422 | G69: =ABS(D68-D70)*60 -> 0.3 | I69: =ABS(H68-H70)*60 -> 0.6 | J69: =ABS(F68-F70) -> 0.36 | K69: =IF(AND(D68<D70,H68=H70),0,IF(AND(D68>D70,H68=H70),180,IF(AND(D68=D70,H68<H70),90,IF(AND(D68=D70,H68>H70),270,(ATAN(I69/J69)*180/PI()))))) -> 59.036243 | L69: =IF(OR(K69=0,K69=90,K69=180,K69=270),K69,IF(AND(D68<D70,H68<H70),K69,IF(AND(D68<D70,H68>H70),360-K69,IF(AND(D68>D70,H68<H70),180-K69,IF(AND(D68>D70,H68>H70),180+K69))))) -> 239.03624 | M69: =(IF(I69=0,G69,IF(G69=0,COS(D70*PI()/180)*I69,G69/COS(K69*PI()/180)))) -> 0.58309519 | N69: =IF(C71="","",ROUND(L69,1)) -> 239 | O69: =IF(C71="","",ROUND(M69,1)) -> 0.6 | P69: 2 | S69: 6 | T69: EVERY 5 MIN | V69: =(O69/P69+U69/60)/24 -> 0.0125 | X69: RD, GPS | Y69: 5-15 | Z69: Y | AA69: 3 | AB69: JP66 | AC69: N
A70: =IF(B70="","",A68+1) -> 26 | B70: YOKOHAMA BERTH DAIKOKU | C70: 35.2765 | D70: =TRUNC(C70)+((C70-TRUNC(C70))/0.6) -> 35.460833 | E70: =TRUNC(C71)+((C71-TRUNC(C71))/0.6) -> 139.69333 | F70: =ROUND(((LOG10(TAN(PI()/4+(D70/2*PI()/180)))*7915.7046)-(3437.7468*((0.0816968^2*SIN(D70*PI()/180))+(0.0816968^4/3*((SIN(D70*PI()/180))^3))+(0.0816968^6/5*((SIN(D70*PI()/180))^5))))),2) -> 2264.82 | H70: =IF(E70<0,E70+360,E70) -> 139.69333 | Q70: =IF(O69="","",Q68+O69) -> 224.8 | R70: =IF(O69="","",R68-O69) -> 5.5511151e-15 | T70: RADAR/GPS | W70: =IF(P69="","",W68+V69) -> 44395.29 | X70: VIS, XB | AD70: SECURE MOORING STATIONS W/ RAT GUARDS AND KEEP TIGHT ALL LINES. COMPLY W/ MARSEC 1
C71: 139.416 | G71: =ABS(D70-D72)*60 -> 2127.65 | I71: =ABS(H70-H72)*60 -> 8381.6 | J71: =ABS(F70-F72) -> 2264.82 | K71: =IF(AND(D70<D72,H70=H72),0,IF(AND(D70>D72,H70=H72),180,IF(AND(D70=D72,H70<H72),90,IF(AND(D70=D72,H70>H72),270,(ATAN(I71/J71)*180/PI()))))) -> 74.879033 | L71: =IF(OR(K71=0,K71=90,K71=180,K71=270),K71,IF(AND(D70<D72,H70<H72),K71,IF(AND(D70<D72,H70>H72),360-K71,IF(AND(D70>D72,H70<H72),180-K71,IF(AND(D70>D72,H70>H72),180+K71))))) -> 254.87903 | M71: =(IF(I71=0,G71,IF(G71=0,COS(D72*PI()/180)*I71,G71/COS(K71*PI()/180)))) -> 8156.3597 | N71: =IF(C73="","",ROUND(L71,1)) | O71: =IF(C73="","",ROUND(M71,1)) | S71: 6 | T71: EVERY 5MIN. | V71: =(O71/P71+U71/60)/24 -> #VALUE! | X71: RD, GPS | Y71: 5-15 | Z71: Y | AA71: 3 | AB71: JP66 | AC71: N
A72: =IF(B72="","",A70+1) | D72: =TRUNC(C72)+((C72-TRUNC(C72))/0.6) -> 0 | E72: =TRUNC(C73)+((C73-TRUNC(C73))/0.6) -> 0 | F72: =ROUND(((LOG10(TAN(PI()/4+(D72/2*PI()/180)))*7915.7046)-(3437.7468*((0.0816968^2*SIN(D72*PI()/180))+(0.0816968^4/3*((SIN(D72*PI()/180))^3))+(0.0816968^6/5*((SIN(D72*PI()/180))^5))))),2) -> 0 | H72: =IF(E72<0,E72+360,E72) -> 0 | Q72: =IF(O71="","",Q70+O71) | R72: =IF(O71="","",R70-O71) | T72: RADAR/GPS | W72: =IF(P71="","",W70+V71)
G73: =ABS(D72-D74)*60 -> 0 | I73: =ABS(H72-H74)*60 -> 0 | J73: =ABS(F72-F74) -> 0 | K73: =IF(AND(D72<D74,H72=H74),0,IF(AND(D72>D74,H72=H74),180,IF(AND(D72=D74,H72<H74),90,IF(AND(D72=D74,H72>H74),270,(ATAN(I73/J73)*180/PI()))))) -> #DIV/0! | L73: =IF(OR(K73=0,K73=90,K73=180,K73=270),K73,IF(AND(D72<D74,H72<H74),K73,IF(AND(D72<D74,H72>H74),360-K73,IF(AND(D72>D74,H72<H74),180-K73,IF(AND(D72>D74,H72>H74),180+K73))))) -> #DIV/0! | M73: =(IF(I73=0,G73,IF(G73=0,COS(D74*PI()/180)*I73,G73/COS(K73*PI()/180)))) -> 0 | N73: =IF(C75="","",ROUND(L73,1)) | O73: =IF(C75="","",ROUND(M73,1)) | T73: EVERY 5MIN. | V73: =(O73/P73+U73/60)/24 -> #VALUE!
A74: =IF(B74="","",A72+1) | D74: =TRUNC(C74)+((C74-TRUNC(C74))/0.6) -> 0 | E74: =TRUNC(C75)+((C75-TRUNC(C75))/0.6) -> 0 | F74: =ROUND(((LOG10(TAN(PI()/4+(D74/2*PI()/180)))*7915.7046)-(3437.7468*((0.0816968^2*SIN(D74*PI()/180))+(0.0816968^4/3*((SIN(D74*PI()/180))^3))+(0.0816968^6/5*((SIN(D74*PI()/180))^5))))),2) -> 0 | H74: =IF(E74<0,E74+360,E74) -> 0 | Q74: =IF(O73="","",Q72+O73) | R74: =IF(O73="","",R72-O73) | T74: RADR/GPS | W74: =IF(P73="","",W72+V73)
G75: =ABS(D74-D76)*60 -> 0 | I75: =ABS(H74-H76)*60 -> 0 | J75: =ABS(F74-F76) -> 0 | K75: =IF(AND(D74<D76,H74=H76),0,IF(AND(D74>D76,H74=H76),180,IF(AND(D74=D76,H74<H76),90,IF(AND(D74=D76,H74>H76),270,(ATAN(I75/J75)*180/PI()))))) -> #DIV/0! | L75: =IF(OR(K75=0,K75=90,K75=180,K75=270),K75,IF(AND(D74<D76,H74<H76),K75,IF(AND(D74<D76,H74>H76),360-K75,IF(AND(D74>D76,H74<H76),180-K75,IF(AND(D74>D76,H74>H76),180+K75))))) -> #DIV/0! | M75: =(IF(I75=0,G75,IF(G75=0,COS(D76*PI()/180)*I75,G75/COS(K75*PI()/180)))) -> 0 | N75: =IF(C77="","",ROUND(L75,1)) | O75: =IF(C77="","",ROUND(M75,1)) | T75: EVERY 5MIN. | V75: =(O75/P75+U75/60)/24 -> #VALUE!
A76: =IF(B76="","",A74+1) | D76: =TRUNC(C76)+((C76-TRUNC(C76))/0.6) -> 0 | E76: =TRUNC(C77)+((C77-TRUNC(C77))/0.6) -> 0 | F76: =ROUND(((LOG10(TAN(PI()/4+(D76/2*PI()/180)))*7915.7046)-(3437.7468*((0.0816968^2*SIN(D76*PI()/180))+(0.0816968^4/3*((SIN(D76*PI()/180))^3))+(0.0816968^6/5*((SIN(D76*PI()/180))^5))))),2) -> 0 | H76: =IF(E76<0,E76+360,E76) -> 0 | Q76: =IF(O75="","",Q74+O75) | R76: =IF(O75="","",R74-O75) | T76: RADAR/GPS | W76: =IF(P75="","",W74+V75)
G77: =ABS(D76-D78)*60 -> 0 | I77: =ABS(H76-H78)*60 -> 0 | J77: =ABS(F76-F78) -> 0 | K77: =IF(AND(D76<D78,H76=H78),0,IF(AND(D76>D78,H76=H78),180,IF(AND(D76=D78,H76<H78),90,IF(AND(D76=D78,H76>H78),270,(ATAN(I77/J77)*180/PI()))))) -> #DIV/0! | L77: =IF(OR(K77=0,K77=90,K77=180,K77=270),K77,IF(AND(D76<D78,H76<H78),K77,IF(AND(D76<D78,H76>H78),360-K77,IF(AND(D76>D78,H76<H78),180-K77,IF(AND(D76>D78,H76>H78),180+K77))))) -> #DIV/0! | M77: =(IF(I77=0,G77,IF(G77=0,COS(D78*PI()/180)*I77,G77/COS(K77*PI()/180)))) -> 0 | N77: =IF(C79="","",ROUND(L77,1)) | O77: =IF(C79="","",ROUND(M77,1)) | T77: EVERY 5 MIN | V77: =(O77/P77+U77/60)/24 -> #VALUE!
A78: =IF(B78="","",A76+1) | D78: =TRUNC(C78)+((C78-TRUNC(C78))/0.6) -> 0 | E78: =TRUNC(C79)+((C79-TRUNC(C79))/0.6) -> 0 | F78: =ROUND(((LOG10(TAN(PI()/4+(D78/2*PI()/180)))*7915.7046)-(3437.7468*((0.0816968^2*SIN(D78*PI()/180))+(0.0816968^4/3*((SIN(D78*PI()/180))^3))+(0.0816968^6/5*((SIN(D78*PI()/180))^5))))),2) -> 0 | H78: =IF(E78<0,E78+360,E78) -> 0 | Q78: =IF(O77="","",Q76+O77) | R78: =IF(O77="","",R76-O77) | T78: RADAR/GPS | W78: =IF(P77="","",W76+V77)
G79: =ABS(D78-D80)*60 -> 0 | I79: =ABS(H78-H80)*60 -> 0 | J79: =ABS(F78-F80) -> 0 | K79: =IF(AND(D78<D80,H78=H80),0,IF(AND(D78>D80,H78=H80),180,IF(AND(D78=D80,H78<H80),90,IF(AND(D78=D80,H78>H80),270,(ATAN(I79/J79)*180/PI()))))) -> #DIV/0! | L79: =IF(OR(K79=0,K79=90,K79=180,K79=270),K79,IF(AND(D78<D80,H78<H80),K79,IF(AND(D78<D80,H78>H80),360-K79,IF(AND(D78>D80,H78<H80),180-K79,IF(AND(D78>D80,H78>H80),180+K79))))) -> #DIV/0! | M79: =(IF(I79=0,G79,IF(G79=0,COS(D80*PI()/180)*I79,G79/COS(K79*PI()/180)))) -> 0 | N79: =IF(C81="","",ROUND(L79,1)) | O79: =IF(C81="","",ROUND(M79,1)) | T79: EVERY 15 MIN | V79: =(O79/P79+U79/60)/24 -> #VALUE!
A80: =IF(B80="","",A78+1) | D80: =TRUNC(C80)+((C80-TRUNC(C80))/0.6) -> 0 | E80: =TRUNC(C81)+((C81-TRUNC(C81))/0.6) -> 0 | F80: =ROUND(((LOG10(TAN(PI()/4+(D80/2*PI()/180)))*7915.7046)-(3437.7468*((0.0816968^2*SIN(D80*PI()/180))+(0.0816968^4/3*((SIN(D80*PI()/180))^3))+(0.0816968^6/5*((SIN(D80*PI()/180))^5))))),2) -> 0 | H80: =IF(E80<0,E80+360,E80) -> 0 | Q80: =IF(O79="","",Q78+O79) | R80: =IF(O79="","",R78-O79) | T80: RADAR/GPS | W80: =IF(P79="","",W78+V79)
G81: =ABS(D80-D82)*60 -> 0 | I81: =ABS(H80-H82)*60 -> 0 | J81: =ABS(F80-F82) -> 0 | K81: =IF(AND(D80<D82,H80=H82),0,IF(AND(D80>D82,H80=H82),180,IF(AND(D80=D82,H80<H82),90,IF(AND(D80=D82,H80>H82),270,(ATAN(I81/J81)*180/PI()))))) -> #DIV/0! | L81: =IF(OR(K81=0,K81=90,K81=180,K81=270),K81,IF(AND(D80<D82,H80<H82),K81,IF(AND(D80<D82,H80>H82),360-K81,IF(AND(D80>D82,H80<H82),180-K81,IF(AND(D80>D82,H80>H82),180+K81))))) -> #DIV/0! | M81: =(IF(I81=0,G81,IF(G81=0,COS(D82*PI()/180)*I81,G81/COS(K81*PI()/180)))) -> 0 | N81: =IF(C83="","",ROUND(L81,1)) | O81: =IF(C83="","",ROUND(M81,1)) | T81: EVERY 15 MIN | V81: =(O81/P81+U81/60)/24 -> #VALUE!
A82: =IF(B82="","",A80+1) | D82: =TRUNC(C82)+((C82-TRUNC(C82))/0.6) -> 0 | E82: =TRUNC(C83)+((C83-TRUNC(C83))/0.6) -> 0 | F82: =ROUND(((LOG10(TAN(PI()/4+(D82/2*PI()/180)))*7915.7046)-(3437.7468*((0.0816968^2*SIN(D82*PI()/180))+(0.0816968^4/3*((SIN(D82*PI()/180))^3))+(0.0816968^6/5*((SIN(D82*PI()/180))^5))))),2) -> 0 | H82: =IF(E82<0,E82+360,E82) -> 0 | Q82: =IF(O81="","",Q80+O81) | R82: =IF(O81="","",R80-O81) | T82: RADAR/GPS | W82: =IF(P81="","",W80+V81)
G83: =ABS(D82-D84)*60 -> 0 | I83: =ABS(H82-H84)*60 -> 0 | J83: =ABS(F82-F84) -> 0 | K83: =IF(AND(D82<D84,H82=H84),0,IF(AND(D82>D84,H82=H84),180,IF(AND(D82=D84,H82<H84),90,IF(AND(D82=D84,H82>H84),270,(ATAN(I83/J83)*180/PI()))))) -> #DIV/0! | L83: =IF(OR(K83=0,K83=90,K83=180,K83=270),K83,IF(AND(D82<D84,H82<H84),K83,IF(AND(D82<D84,H82>H84),360-K83,IF(AND(D82>D84,H82<H84),180-K83,IF(AND(D82>D84,H82>H84),180+K83))))) -> #DIV/0! | M83: =(IF(I83=0,G83,IF(G83=0,COS(D84*PI()/180)*I83,G83/COS(K83*PI()/180)))) -> 0 | N83: =IF(C85="","",ROUND(L83,1)) | O83: =IF(C85="","",ROUND(M83,1)) | T83: EVERY 30 MIN | V83: =(O83/P83+U83/60)/24 -> #VALUE!
A84: =IF(B84="","",A82+1) | D84: =TRUNC(C84)+((C84-TRUNC(C84))/0.6) -> 0 | E84: =TRUNC(C85)+((C85-TRUNC(C85))/0.6) -> 0 | F84: =ROUND(((LOG10(TAN(PI()/4+(D84/2*PI()/180)))*7915.7046)-(3437.7468*((0.0816968^2*SIN(D84*PI()/180))+(0.0816968^4/3*((SIN(D84*PI()/180))^3))+(0.0816968^6/5*((SIN(D84*PI()/180))^5))))),2) -> 0 | H84: =IF(E84<0,E84+360,E84) -> 0 | Q84: =IF(O83="","",Q82+O83) | R84: =IF(O83="","",R82-O83) | T84: RADAR/GPS | W84: =IF(P83="","",W82+V83)
G85: =ABS(D84-D86)*60 -> 0 | I85: =ABS(H84-H86)*60 -> 0 | J85: =ABS(F84-F86) -> 0 | K85: =IF(AND(D84<D86,H84=H86),0,IF(AND(D84>D86,H84=H86),180,IF(AND(D84=D86,H84<H86),90,IF(AND(D84=D86,H84>H86),270,(ATAN(I85/J85)*180/PI()))))) -> #DIV/0! | L85: =IF(OR(K85=0,K85=90,K85=180,K85=270),K85,IF(AND(D84<D86,H84<H86),K85,IF(AND(D84<D86,H84>H86),360-K85,IF(AND(D84>D86,H84<H86),180-K85,IF(AND(D84>D86,H84>H86),180+K85))))) -> #DIV/0! | M85: =(IF(I85=0,G85,IF(G85=0,COS(D86*PI()/180)*I85,G85/COS(K85*PI()/180)))) -> 0 | N85: =IF(C87="","",ROUND(L85,1)) | O85: =IF(C87="","",ROUND(M85,1)) | T85: EVERY 30 MIN | V85: =(O85/P85+U85/60)/24 -> #VALUE!
A86: =IF(B86="","",A84+1) | D86: =TRUNC(C86)+((C86-TRUNC(C86))/0.6) -> 0 | E86: =TRUNC(C87)+((C87-TRUNC(C87))/0.6) -> 0 | F86: =ROUND(((LOG10(TAN(PI()/4+(D86/2*PI()/180)))*7915.7046)-(3437.7468*((0.0816968^2*SIN(D86*PI()/180))+(0.0816968^4/3*((SIN(D86*PI()/180))^3))+(0.0816968^6/5*((SIN(D86*PI()/180))^5))))),2) -> 0 | H86: =IF(E86<0,E86+360,E86) -> 0 | Q86: =IF(O85="","",Q84+O85) | R86: =IF(O85="","",R84-O85) | T86: GPS | W86: =IF(P85="","",W84+V85)
G87: =ABS(D86-D88)*60 -> 0 | I87: =ABS(H86-H88)*60 -> 0 | J87: =ABS(F86-F88) -> 0 | K87: =IF(AND(D86<D88,H86=H88),0,IF(AND(D86>D88,H86=H88),180,IF(AND(D86=D88,H86<H88),90,IF(AND(D86=D88,H86>H88),270,(ATAN(I87/J87)*180/PI()))))) -> #DIV/0! | L87: =IF(OR(K87=0,K87=90,K87=180,K87=270),K87,IF(AND(D86<D88,H86<H88),K87,IF(AND(D86<D88,H86>H88),360-K87,IF(AND(D86>D88,H86<H88),180-K87,IF(AND(D86>D88,H86>H88),180+K87))))) -> #DIV/0! | M87: =(IF(I87=0,G87,IF(G87=0,COS(D88*PI()/180)*I87,G87/COS(K87*PI()/180)))) -> 0 | N87: =IF(C89="","",ROUND(L87,1)) | O87: =IF(C89="","",ROUND(M87,1)) | T87: EVERY 1 HR. | V87: =(O87/P87+U87/60)/24 -> #VALUE!
A88: =IF(B88="","",A86+1) | D88: =TRUNC(C88)+((C88-TRUNC(C88))/0.6) -> 0 | E88: =TRUNC(C89)+((C89-TRUNC(C89))/0.6) -> 0 | F88: =ROUND(((LOG10(TAN(PI()/4+(D88/2*PI()/180)))*7915.7046)-(3437.7468*((0.0816968^2*SIN(D88*PI()/180))+(0.0816968^4/3*((SIN(D88*PI()/180))^3))+(0.0816968^6/5*((SIN(D88*PI()/180))^5))))),2) -> 0 | H88: =IF(E88<0,E88+360,E88) -> 0 | Q88: =IF(O87="","",Q86+O87) | R88: =IF(O87="","",R86-O87) | T88: GPS | W88: =IF(P87="","",W86+V87)
G89: =ABS(D88-D90)*60 -> 0 | I89: =ABS(H88-H90)*60 -> 0 | J89: =ABS(F88-F90) -> 0 | K89: =IF(AND(D88<D90,H88=H90),0,IF(AND(D88>D90,H88=H90),180,IF(AND(D88=D90,H88<H90),90,IF(AND(D88=D90,H88>H90),270,(ATAN(I89/J89)*180/PI()))))) -> #DIV/0! | L89: =IF(OR(K89=0,K89=90,K89=180,K89=270),K89,IF(AND(D88<D90,H88<H90),K89,IF(AND(D88<D90,H88>H90),360-K89,IF(AND(D88>D90,H88<H90),180-K89,IF(AND(D88>D90,H88>H90),180+K89))))) -> #DIV/0! | M89: =(IF(I89=0,G89,IF(G89=0,COS(D90*PI()/180)*I89,G89/COS(K89*PI()/180)))) -> 0 | N89: =IF(C91="","",ROUND(L89,1)) | O89: =IF(C91="","",ROUND(M89,1)) | T89: EVERY 1 HR. | V89: =(O89/P89+U89/60)/24 -> #VALUE!
A90: =IF(B90="","",A88+1) | D90: =TRUNC(C90)+((C90-TRUNC(C90))/0.6) -> 0 | E90: =TRUNC(C91)+((C91-TRUNC(C91))/0.6) -> 0 | F90: =ROUND(((LOG10(TAN(PI()/4+(D90/2*PI()/180)))*7915.7046)-(3437.7468*((0.0816968^2*SIN(D90*PI()/180))+(0.0816968^4/3*((SIN(D90*PI()/180))^3))+(0.0816968^6/5*((SIN(D90*PI()/180))^5))))),2) -> 0 | H90: =IF(E90<0,E90+360,E90) -> 0 | Q90: =IF(O89="","",Q88+O89) | R90: =IF(O89="","",R88-O89) | T90: RADAR/GPS | W90: =IF(P89="","",W88+V89)
G91: =ABS(D90-D92)*60 -> 0 | I91: =ABS(H90-H92)*60 -> 0 | J91: =ABS(F90-F92) -> 0 | K91: =IF(AND(D90<D92,H90=H92),0,IF(AND(D90>D92,H90=H92),180,IF(AND(D90=D92,H90<H92),90,IF(AND(D90=D92,H90>H92),270,(ATAN(I91/J91)*180/PI()))))) -> #DIV/0! | L91: =IF(OR(K91=0,K91=90,K91=180,K91=270),K91,IF(AND(D90<D92,H90<H92),K91,IF(AND(D90<D92,H90>H92),360-K91,IF(AND(D90>D92,H90<H92),180-K91,IF(AND(D90>D92,H90>H92),180+K91))))) -> #DIV/0! | M91: =(IF(I91=0,G91,IF(G91=0,COS(D92*PI()/180)*I91,G91/COS(K91*PI()/180)))) -> 0 | N91: =IF(C93="","",ROUND(L91,1)) | O91: =IF(C93="","",ROUND(M91,1)) | T91: EVERY 30 MIN | V91: =(O91/P91+U91/60)/24 -> #VALUE!
A92: =IF(B92="","",A90+1) | D92: =TRUNC(C92)+((C92-TRUNC(C92))/0.6) -> 0 | E92: =TRUNC(C93)+((C93-TRUNC(C93))/0.6) -> 0 | F92: =ROUND(((LOG10(TAN(PI()/4+(D92/2*PI()/180)))*7915.7046)-(3437.7468*((0.0816968^2*SIN(D92*PI()/180))+(0.0816968^4/3*((SIN(D92*PI()/180))^3))+(0.0816968^6/5*((SIN(D92*PI()/180))^5))))),2) -> 0 | H92: =IF(E92<0,E92+360,E92) -> 0 | Q92: =IF(O91="","",Q90+O91) | R92: =IF(O91="","",R90-O91) | T92: RADAR/GPS | W92: =IF(P91="","",W90+V91)
G93: =ABS(D92-D94)*60 -> 0 | I93: =ABS(H92-H94)*60 -> 0 | J93: =ABS(F92-F94) -> 0 | K93: =IF(AND(D92<D94,H92=H94),0,IF(AND(D92>D94,H92=H94),180,IF(AND(D92=D94,H92<H94),90,IF(AND(D92=D94,H92>H94),270,(ATAN(I93/J93)*180/PI()))))) -> #DIV/0! | L93: =IF(OR(K93=0,K93=90,K93=180,K93=270),K93,IF(AND(D92<D94,H92<H94),K93,IF(AND(D92<D94,H92>H94),360-K93,IF(AND(D92>D94,H92<H94),180-K93,IF(AND(D92>D94,H92>H94),180+K93))))) -> #DIV/0! | M93: =(IF(I93=0,G93,IF(G93=0,COS(D94*PI()/180)*I93,G93/COS(K93*PI()/180)))) -> 0 | N93: =IF(C95="","",ROUND(L93,1)) | O93: =IF(C95="","",ROUND(M93,1)) | T93: EVERY 15 MIN | V93: =(O93/P93+U93/60)/24 -> #VALUE!
A94: =IF(B94="","",A92+1) | D94: =TRUNC(C94)+((C94-TRUNC(C94))/0.6) -> 0 | E94: =TRUNC(C95)+((C95-TRUNC(C95))/0.6) -> 0 | F94: =ROUND(((LOG10(TAN(PI()/4+(D94/2*PI()/180)))*7915.7046)-(3437.7468*((0.0816968^2*SIN(D94*PI()/180))+(0.0816968^4/3*((SIN(D94*PI()/180))^3))+(0.0816968^6/5*((SIN(D94*PI()/180))^5))))),2) -> 0 | H94: =IF(E94<0,E94+360,E94) -> 0 | Q94: =IF(O93="","",Q92+O93) | R94: =IF(O93="","",R92-O93) | T94: RADAR/GPS | W94: =IF(P93="","",W92+V93) | AD94: LEGEND: E=ENOUGH Y=YES VIS=VISUAL RD=RADAR XD=CROSS BEARING GPS=GLOBAL POSITIONING SYSTEM N=NO
G95: =ABS(D94-D96)*60 -> 0 | I95: =ABS(H94-H96)*60 -> 0 | J95: =ABS(F94-F96) -> 0 | K95: =IF(AND(D94<D96,H94=H96),0,IF(AND(D94>D96,H94=H96),180,IF(AND(D94=D96,H94<H96),90,IF(AND(D94=D96,H94>H96),270,(ATAN(I95/J95)*180/PI()))))) -> #DIV/0! | L95: =IF(OR(K95=0,K95=90,K95=180,K95=270),K95,IF(AND(D94<D96,H94<H96),K95,IF(AND(D94<D96,H94>H96),360-K95,IF(AND(D94>D96,H94<H96),180-K95,IF(AND(D94>D96,H94>H96),180+K95))))) -> #DIV/0! | M95: =(IF(I95=0,G95,IF(G95=0,COS(D96*PI()/180)*I95,G95/COS(K95*PI()/180)))) -> 0 | N95: =IF(C97="","",ROUND(L95,1)) | O95: =IF(C97="","",ROUND(M95,1)) | T95: EVERY 5 MIN | V95: =(O95/P95+U95/60)/24 -> #VALUE!
A96: =IF(B96="","",A94+1) | D96: =TRUNC(C96)+((C96-TRUNC(C96))/0.6) -> 0 | E96: =TRUNC(C97)+((C97-TRUNC(C97))/0.6) -> 0 | F96: =ROUND(((LOG10(TAN(PI()/4+(D96/2*PI()/180)))*7915.7046)-(3437.7468*((0.0816968^2*SIN(D96*PI()/180))+(0.0816968^4/3*((SIN(D96*PI()/180))^3))+(0.0816968^6/5*((SIN(D96*PI()/180))^5))))),2) -> 0 | H96: =IF(E96<0,E96+360,E96) -> 0 | Q96: =IF(O95="","",Q94+O95) | R96: =IF(O95="","",R94-O95) | W96: =IF(P95="","",W94+V95)
A101: NO. | B101: WAY POINT & POSITION | N101: CO. | O101: DIST | P101: SP'D | Q101: F'M | R101: TO | S101: ESTIMATED | T101: POSITION | U101: TIME CORR. (min.) | W101: ETA/ETP (L.T.) | X101: POSITION FIX | Y101: POSITION | Z101: CALL | AA101: WATCH | AB101: CHART NO. | AC101: GARBAGE/ | AD101: REMARKS:
S102: MINIMUM (UKC) | T102: FIX SYSTEM | X102: SYSTEM | Y102: FIXING | Z102: CAPT. | AA102: LEVEL | AC102: SEWAGE/
D103: Lat | E103: Long | F103: 漸長緯度 | G103: 緯差 | H103: Long (360) | I103: 経差 | J103: 漸長緯度差 | L103: 針路 | M103: 距離 | S103: E (ENOUGH) OR | T103: PRIMARY | X103: PRIMARY | Y103: FREQUENCY | Z103: Y: | AA103: 1, 2 &3
S104: ACTUAL METER | T104: SECONDARY | X104: SECONDARY | Y104: (MIN) | Z104: YES | AC104: DISPOSAL
A105: =IF(B105="","",1) | D105: =TRUNC(C105)+((C105-TRUNC(C105))/0.6) -> 0 | E105: =TRUNC(C106)+((C106-TRUNC(C106))/0.6) -> 0 | F105: =ROUND(((LOG10(TAN(PI()/4+(D105/2*PI()/180)))*7915.7046)-(3437.7468*((0.0816968^2*SIN(D105*PI()/180))+(0.0816968^4/3*((SIN(D105*PI()/180))^3))+(0.0816968^6/5*((SIN(D105*PI()/180))^5))))),2) -> 0 | H105: =IF(E105<0,E105+360,E105) -> 0 | Q105: =IF(O106="","",0) | R105: =IF(O104="","",R103-O104) | T105: RADAR
G106: =ABS(D105-D107)*60 -> 0 | I106: =ABS(H105-H107)*60 -> 0 | J106: =ABS(F105-F107) -> 0 | K106: =IF(AND(D105<D107,H105=H107),0,IF(AND(D105>D107,H105=H107),180,IF(AND(D105=D107,H105<H107),90,IF(AND(D105=D107,H105>H107),270,(ATAN(I106/J106)*180/PI()))))) -> #DIV/0! | L106: =IF(OR(K106=0,K106=90,K106=180,K106=270),K106,IF(AND(D105<D107,H105<H107),K106,IF(AND(D105<D107,H105>H107),360-K106,IF(AND(D105>D107,H105<H107),180-K106,IF(AND(D105>D107,H105>H107),180+K106))))) -> #DIV/0! | M106: =(IF(I106=0,G106,IF(G106=0,COS(D107*PI()/180)*I106,G106/COS(K106*PI()/180)))) -> 0 | N106: =IF(C108="","",ROUND(L106,1)) | O106: =IF(C108="","",ROUND(M106,1)) | T106: EVERY 5 MIN | V106: =(O106/P106+U106/60)/24 -> #VALUE!
...

Sheet NGO(TOKAI)-TPE (E-PASS)-ok
A1: BRIDGE NOTE BOOK (CONFINED WATERS PASSAGE PLAN)
A2: (MV PLUTO LEADER)
A3: DATE : 04-05 JUNE 2018 | N3: VOY. NO. : 001 | R3: FROM: NAGOYA, TOKAI | V3: TO: TAIPEI, TAIWAN | AA3: MAX DRAFT: 9.0M | AD3: AVE.SPD.16.0 KTS
A5: NO. | B5: WAY POINT & POSITION | N5: CO. | O5: DIST | P5: SP'D | Q5: F'M | R5: TO | S5: ESTIMATED | T5: POSITION | U5: TIME CORR. (min.) | W5: ETA/ETP (L.T.) | X5: POSITION FIX | Y5: POSITION | Z5: CALL | AA5: WATCH | AB5: CHART NO. | AC5: GARBAGE/ | AD5: REMARKS:
S6: MINIMUM (UKC) | T6: FIX SYSTEM | X6: SYSTEM | Y6: FIXING | Z6: CAPT. | AA6: LEVEL | AC6: SEWAGE/
D7: Lat | E7: Long | F7: 漸長緯度 | G7: 緯差 | H7: Long (360) | I7: 経差 | J7: 漸長緯度差 | L7: 針路 | M7: 距離 | S7: E (ENOUGH) OR | T7: PRIMARY | X7: PRIMARY | Y7: FREQUENCY | Z7: Y: | AA7: 1, 2 &3 | AC7: Y/N
S8: ACTUAL METER | T8: SECONDARY | X8: SECONDARY | Y8: (MIN) | Z8: YES | AC8: DISPOSAL
A9: =IF(B9="","",1) -> 1 | B9: TOKAI BERTH C5 | C9: 35.0348 | D9: =TRUNC(C9)+((C9-TRUNC(C9))/0.6) -> 35.058 | E9: =TRUNC(C10)+((C10-TRUNC(C10))/0.6) -> 136.88333 | F9: =ROUND(((LOG10(TAN(PI()/4+(D9/2*PI()/180)))*7915.7046)-(3437.7468*((0.0816968^2*SIN(D9*PI()/180))+(0.0816968^4/3*((SIN(D9*PI()/180))^3))+(0.0816968^6/5*((SIN(D9*PI()/180))^5))))),2) -> 2235.35 | H9: =IF(E9<0,E9+360,E9) -> 136.88333 | Q9: =IF(O10="","",0) -> 0 | R9: 1087.8 | T9: RADAR | W9: 43255.708 | X9: VIS, XB | AD9: ASSIST PILOT FOR EMBARKATION & DISEMBARKATION
C10: 136.53 | G10: =ABS(D9-D11)*60 -> 0.48 | I10: =ABS(H9-H11)*60 -> 0.37 | J10: =ABS(F9-F11) -> 0.59 | K10: =IF(AND(D9<D11,H9=H11),0,IF(AND(D9>D11,H9=H11),180,IF(AND(D9=D11,H9<H11),90,IF(AND(D9=D11,H9>H11),270,(ATAN(I10/J10)*180/PI()))))) -> 32.092591 | L10: =IF(OR(K10=0,K10=90,K10=180,K10=270),K10,IF(AND(D9<D11,H9<H11),K10,IF(AND(D9<D11,H9>H11),360-K10,IF(AND(D9>D11,H9<H11),180-K10,IF(AND(D9>D11,H9>H11),180+K10))))) -> 212.09259 | M10: =(IF(I10=0,G10,IF(G10=0,COS(D11*PI()/180)*I10,G10/COS(K10*PI()/180)))) -> 0.56657851 | N10: =IF(C12="","",ROUND(L10,1)) -> 212.1 | O10: =IF(C12="","",ROUND(M10,1)) -> 0.6 | P10: 3 | S10: 2.9 | T10: EVERY 5 MIN | V10: =(O10/P10+U10/60)/24 -> 0.0083333333 | X10: RD, GPS | Y10: 5-15 | Z10: Y | AA10: 3 | AB10: JP1055A | AC10: N
A11: =IF(B11="","",A9+1) -> 2 | B11: MEIKO EAST BRIDGE | C11: 35.03 | D11: =TRUNC(C11)+((C11-TRUNC(C11))/0.6) -> 35.05 | E11: =TRUNC(C12)+((C12-TRUNC(C12))/0.6) -> 136.87717 | F11: =ROUND(((LOG10(TAN(PI()/4+(D11/2*PI()/180)))*7915.7046)-(3437.7468*((0.0816968^2*SIN(D11*PI()/180))+(0.0816968^4/3*((SIN(D11*PI()/180))^3))+(0.0816968^6/5*((SIN(D11*PI()/180))^5))))),2) -> 2234.76 | H11: =IF(E11<0,E11+360,E11) -> 136.87717 | Q11: =IF(O10="","",Q9+O10) -> 0.6 | R11: =IF(O10="","",R9-O10) -> 1087.2 | T11: RADAR | W11: =IF(P10="","",W9+V10) -> 43255.717 | X11: VIS, XB | AD11: DON'T HESITATE TO ADVISE ANY DOUBT OBSERVED TO MASTER OR PILOT
C12: 136.5263 | G12: =ABS(D11-D13)*60 -> 0.95 | I12: =ABS(H11-H13)*60 -> 1.36 | J12: =ABS(F11-F13) -> 1.15 | K12: =IF(AND(D11<D13,H11=H13),0,IF(AND(D11>D13,H11=H13),180,IF(AND(D11=D13,H11<H13),90,IF(AND(D11=D13,H11>H13),270,(ATAN(I12/J12)*180/PI()))))) -> 49.782532 | L12: =IF(OR(K12=0,K12=90,K12=180,K12=270),K12,IF(AND(D11<D13,H11<H13),K12,IF(AND(D11<D13,H11>H13),360-K12,IF(AND(D11>D13,H11<H13),180-K12,IF(AND(D11>D13,H11>H13),180+K12))))) -> 229.78253 | M12: =(IF(I12=0,G12,IF(G12=0,COS(D13*PI()/180)*I12,G12/COS(K12*PI()/180)))) -> 1.4712931 | N12: =IF(C14="","",ROUND(L12,1)) -> 229.8 | O12: =IF(C14="","",ROUND(M12,1)) -> 1.5 | P12: 5 | S12: 3 | T12: EVERY 5 MIN | V12: =(O12/P12+U12/60)/24 -> 0.0125 | X12: RD, GPS | Y12: 5-15 | Z12: Y | AA12: 3 | AB12: JP1055A | AC12: N
A13: =IF(B13="","",A11+1) -> 3 | B13: NORTH FAIRWAY BY NO. 3 & 4 | C13: 35.0205 | D13: =TRUNC(C13)+((C13-TRUNC(C13))/0.6) -> 35.034167 | E13: =TRUNC(C14)+((C14-TRUNC(C14))/0.6) -> 136.8545 | F13: =ROUND(((LOG10(TAN(PI()/4+(D13/2*PI()/180)))*7915.7046)-(3437.7468*((0.0816968^2*SIN(D13*PI()/180))+(0.0816968^4/3*((SIN(D13*PI()/180))^3))+(0.0816968^6/5*((SIN(D13*PI()/180))^5))))),2) -> 2233.61 | H13: =IF(E13<0,E13+360,E13) -> 136.8545 | Q13: =IF(O12="","",Q11+O12) -> 2.1 | R13: =IF(O12="","",R11-O12) -> 1085.7 | T13: RADAR | W13: =IF(P12="","",W11+V12) -> 43255.729 | X13: VIS, XB | AD13: ROUTE ECDIS NAME : NGO-TPEa VOY. 001 (VIA OSUMI)
C14: 136.5127 | G14: =ABS(D13-D15)*60 -> 0.69 | I14: =ABS(H13-H15)*60 -> 0.57 | J14: =ABS(F13-F15) -> 0.84 | K14: =IF(AND(D13<D15,H13=H15),0,IF(AND(D13>D15,H13=H15),180,IF(AND(D13=D15,H13<H15),90,IF(AND(D13=D15,H13>H15),270,(ATAN(I14/J14)*180/PI()))))) -> 34.159695 | L14: =IF(OR(K14=0,K14=90,K14=180,K14=270),K14,IF(AND(D13<D15,H13<H15),K14,IF(AND(D13<D15,H13>H15),360-K14,IF(AND(D13>D15,H13<H15),180-K14,IF(AND(D13>D15,H13>H15),180+K14))))) -> 214.15969 | M14: =(IF(I14=0,G14,IF(G14=0,COS(D15*PI()/180)*I14,G14/COS(K14*PI()/180)))) -> 0.83386127 | N14: =IF(C16="","",ROUND(L14,1)) -> 214.2 | O14: =IF(C16="","",ROUND(M14,1)) -> 0.8 | P14: 5 | S14: 6 | T14: EVERY 5 MIN | V14: =(O14/P14+U14/60)/24 -> 0.0066666667 | X14: RD, GPS | Y14: 5-15 | Z14: Y | AA14: 3 | AB14: JP1055A | AC14: N
A15: =IF(B15="","",A13+1) -> 4 | B15: EAST PASSAGE BY' NO. 11 & 12 | C15: 35.0136 | D15: =TRUNC(C15)+((C15-TRUNC(C15))/0.6) -> 35.022667 | E15: =TRUNC(C16)+((C16-TRUNC(C16))/0.6) -> 136.845 | F15: =ROUND(((LOG10(TAN(PI()/4+(D15/2*PI()/180)))*7915.7046)-(3437.7468*((0.0816968^2*SIN(D15*PI()/180))+(0.0816968^4/3*((SIN(D15*PI()/180))^3))+(0.0816968^6/5*((SIN(D15*PI()/180))^5))))),2) -> 2232.77 | H15: =IF(E15<0,E15+360,E15) -> 136.845 | Q15: =IF(O14="","",Q13+O14) -> 2.9 | R15: =IF(O14="","",R13-O14) -> 1084.9 | T15: RADAR | W15: =IF(P14="","",W13+V14) -> 43255.736 | X15: VIS, XB | AD15: AWARE OF PARALLEL INDEX INDICATED IN THE CHART
C16: 136.507 | G16: =ABS(D15-D17)*60 -> 5.81 | I16: =ABS(H15-H17)*60 -> 4.9 | J16: =ABS(F15-F17) -> 7.06 | K16: =IF(AND(D15<D17,H15=H17),0,IF(AND(D15>D17,H15=H17),180,IF(AND(D15=D17,H15<H17),90,IF(AND(D15=D17,H15>H17),270,(ATAN(I16/J16)*180/PI()))))) -> 34.76262 | L16: =IF(OR(K16=0,K16=90,K16=180,K16=270),K16,IF(AND(D15<D17,H15<H17),K16,IF(AND(D15<D17,H15>H17),360-K16,IF(AND(D15>D17,H15<H17),180-K16,IF(AND(D15>D17,H15>H17),180+K16))))) -> 214.76262 | M16: =(IF(I16=0,G16,IF(G16=0,COS(D17*PI()/180)*I16,G16/COS(K16*PI()/180)))) -> 7.0722445 | N16: =IF(C18="","",ROUND(L16,1)) -> 214.8 | O16: =IF(C18="","",ROUND(M16,1)) -> 7.1 | P16: 12 | S16: 7 | T16: EVERY 5 MIN | V16: =(O16/P16+U16/60)/24 -> 0.024652778 | X16: RD, GPS | Y16: 5-15 | Z16: Y | AA16: 3 | AB16: JP1055B | AC16: N
A17: =IF(B17="","",A15+1) -> 5 | B17: NGO P/STN INNER OUT BOUND | C17: 34.5555 | D17: =TRUNC(C17)+((C17-TRUNC(C17))/0.6) -> 34.925833 | E17: =TRUNC(C18)+((C18-TRUNC(C18))/0.6) -> 136.76333 | F17: =ROUND(((LOG10(TAN(PI()/4+(D17/2*PI()/180)))*7915.7046)-(3437.7468*((0.0816968^2*SIN(D17*PI()/180))+(0.0816968^4/3*((SIN(D17*PI()/180))^3))+(0.0816968^6/5*((SIN(D17*PI()/180))^5))))),2) -> 2225.71 | H17: =IF(E17<0,E17+360,E17) -> 136.76333 | Q17: =IF(O16="","",Q15+O16) -> 10 | R17: =IF(O16="","",R15-O16) -> 1077.8 | T17: RADAR | W17: =IF(P16="","",W15+V16) -> 43255.76 | X17: VIS, XB | AD17: MAINTAIN LISTEN W/ NAGOYA KO VESSEL TRAFFIC ROUTES THRU VHF CH. 16 FOR SAFETY OF NAVIGATION
C18: 136.458 | G18: =ABS(D17-D19)*60 -> 7.9 | I18: =ABS(H17-H19)*60 -> 0 | J18: =ABS(F17-F19) -> 9.58 | K18: =IF(AND(D17<D19,H17=H19),0,IF(AND(D17>D19,H17=H19),180,IF(AND(D17=D19,H17<H19),90,IF(AND(D17=D19,H17>H19),270,(ATAN(I18/J18)*180/PI()))))) -> 180 | L18: =IF(OR(K18=0,K18=90,K18=180,K18=270),K18,IF(AND(D17<D19,H17<H19),K18,IF(AND(D17<D19,H17>H19),360-K18,IF(AND(D17>D19,H17<H19),180-K18,IF(AND(D17>D19,H17>H19),180+K18))))) -> 180 | M18: =(IF(I18=0,G18,IF(G18=0,COS(D19*PI()/180)*I18,G18/COS(K18*PI()/180)))) -> 7.9 | N18: =IF(C20="","",ROUND(L18,1)) -> 180 | O18: =IF(C20="","",ROUND(M18,1)) -> 7.9 | P18: 12 | S18: 6 | T18: EVERY 5MIN. | V18: =(O18/P18+U18/60)/24 -> 0.027430556 | X18: RD, GPS | Y18: 5-15 | Z18: Y | AA18: 3 | AB18: JP1055B | AC18: N
A19: =IF(B19="","",A17+1) -> 6 | B19: ISEWAN BY BY' NO. 6 | C19: 34.4765 | D19: =TRUNC(C19)+((C19-TRUNC(C19))/0.6) -> 34.794167 | E19: =TRUNC(C20)+((C20-TRUNC(C20))/0.6) -> 136.76333 | F19: =ROUND(((LOG10(TAN(PI()/4+(D19/2*PI()/180)))*7915.7046)-(3437.7468*((0.0816968^2*SIN(D19*PI()/180))+(0.0816968^4/3*((SIN(D19*PI()/180))^3))+(0.0816968^6/5*((SIN(D19*PI()/180))^5))))),2) -> 2216.13 | H19: =IF(E19<0,E19+360,E19) -> 136.76333 | Q19: =IF(O18="","",Q17+O18) -> 17.9 | R19: =IF(O18="","",R17-O18) -> 1069.9 | T19: RADAR | W19: =IF(P18="","",W17+V18) -> 43255.788 | X19: VIS, XB | AD19: KEEP CLEAR OF "NO GO AREA" EXECUTE EXTREME CAUTION WHEN PASSING NARROW/SHALLOW AREAS
